mechanism,attack,epsilon,delta,n_observations,trials,seed,auc,advantage,advantage_ci_lo,advantage_ci_hi,auc_ci_lo,auc_ci_hi,train_pool,test_pool,mean_release_ns,sensitivity_ns,bin_ns
none,likelihood-ratio,inf,,1,1000,0,0.915717,0.831434,0.805593,0.858041,0.902797,0.929021,2000,2000,1728680.2,509626,7771
none,likelihood-ratio,inf,,1,1000,1,0.916376,0.832752,0.806076,0.858157,0.903038,0.929079,2000,2000,1730012.1,509626,7813
none,likelihood-ratio,inf,,1,1000,2,0.925136,0.850272,0.827252,0.871770,0.913626,0.935885,2000,2000,1727306.1,509626,7852
none,mean-threshold,inf,,1,1500,0,0.095481,0.809039,0.783386,0.832928,0.083536,0.108307,2000,2000,1729383.3,509626,7771
none,mean-threshold,inf,,1,1500,1,0.101169,0.797663,0.772765,0.820770,0.089615,0.113617,2000,2000,1729641.6,509626,7813
none,mean-threshold,inf,,1,1000,2,0.097669,0.804662,0.773467,0.833152,0.083424,0.113267,2000,2000,1727306.1,509626,7852
none,likelihood-ratio,inf,,4,1000,0,0.998591,0.997182,0.995096,0.998730,0.997548,0.999365,2000,2000,1729302.9,509626,7771
none,likelihood-ratio,inf,,4,1000,1,0.998799,0.997599,0.996012,0.998835,0.998006,0.999417,2000,2000,1729259.7,509626,7813
none,likelihood-ratio,inf,,4,1000,2,0.997243,0.994486,0.991118,0.997176,0.995559,0.998588,2000,2000,1728616.0,509626,7852
none,mean-threshold,inf,,4,1000,0,0.007607,0.984785,0.978966,0.989827,0.005086,0.010517,2000,2000,1729302.9,509626,7771
none,mean-threshold,inf,,4,1000,1,0.009694,0.980612,0.974095,0.986688,0.006656,0.012953,2000,2000,1729259.7,509626,7813
none,mean-threshold,inf,,4,1000,2,0.013321,0.973358,0.963467,0.981983,0.009008,0.018267,2000,2000,1728616.0,509626,7852
none,likelihood-ratio,inf,,16,1000,0,1.000000,1.000000,1.000000,1.000000,1.000000,1.000000,2000,2000,1728855.8,509626,7771
none,likelihood-ratio,inf,,16,1000,1,1.000000,1.000000,1.000000,1.000000,1.000000,1.000000,2000,2000,1728698.6,509626,7813
none,likelihood-ratio,inf,,16,1000,2,1.000000,1.000000,1.000000,1.000000,1.000000,1.000000,2000,2000,1728704.0,509626,7852
none,mean-threshold,inf,,16,1000,0,0.000001,0.999998,0.999988,1.000000,0.000000,0.000006,2000,2000,1728855.8,509626,7771
none,mean-threshold,inf,,16,1000,1,0.000018,0.999964,0.999882,1.000000,0.000000,0.000059,2000,2000,1728698.6,509626,7813
none,mean-threshold,inf,,16,1000,2,0.000049,0.999902,0.999658,1.000000,0.000000,0.000171,2000,2000,1728704.0,509626,7852
none,likelihood-ratio,inf,,64,1000,0,1.000000,1.000000,1.000000,1.000000,1.000000,1.000000,2000,2000,1728639.0,509626,7771
none,likelihood-ratio,inf,,64,1000,1,1.000000,1.000000,1.000000,1.000000,1.000000,1.000000,2000,2000,1728865.6,509626,7813
none,likelihood-ratio,inf,,64,1000,2,1.000000,1.000000,1.000000,1.000000,1.000000,1.000000,2000,2000,1728885.0,509626,7852
none,mean-threshold,inf,,64,1000,0,0.000000,1.000000,1.000000,1.000000,0.000000,0.000000,2000,2000,1728639.0,509626,7771
none,mean-threshold,inf,,64,1000,1,0.000000,1.000000,1.000000,1.000000,0.000000,0.000000,2000,2000,1728865.6,509626,7813
none,mean-threshold,inf,,64,1000,2,0.000000,1.000000,1.000000,1.000000,0.000000,0.000000,2000,2000,1728885.0,509626,7852
none,likelihood-ratio,inf,,256,1000,0,1.000000,1.000000,1.000000,1.000000,1.000000,1.000000,2000,2000,1728824.5,509626,7771
none,likelihood-ratio,inf,,256,1000,1,1.000000,1.000000,1.000000,1.000000,1.000000,1.000000,2000,2000,1728812.5,509626,7813
none,likelihood-ratio,inf,,256,1000,2,1.000000,1.000000,1.000000,1.000000,1.000000,1.000000,2000,2000,1728807.6,509626,7852
none,mean-threshold,inf,,256,1000,0,0.000000,1.000000,1.000000,1.000000,0.000000,0.000000,2000,2000,1728824.5,509626,7771
none,mean-threshold,inf,,256,1000,1,0.000000,1.000000,1.000000,1.000000,0.000000,0.000000,2000,2000,1728812.5,509626,7813
none,mean-threshold,inf,,256,1000,2,0.000000,1.000000,1.000000,1.000000,0.000000,0.000000,2000,2000,1728807.6,509626,7852
m-pad,likelihood-ratio,0,0,1,1000,0,0.500000,0.000000,0.000000,0.000000,0.500000,0.500000,2000,2000,2510084.0,509626,1
m-pad,likelihood-ratio,0,0,1,1000,1,0.500000,0.000000,0.000000,0.000000,0.500000,0.500000,2000,2000,2510084.0,509626,1
m-pad,likelihood-ratio,0,0,1,1000,2,0.500000,0.000000,0.000000,0.000000,0.500000,0.500000,2000,2000,2510084.0,509626,1
m-pad,mean-threshold,0,0,1,1000,0,0.500000,0.000000,0.000000,0.000000,0.500000,0.500000,2000,2000,2510084.0,509626,1
m-pad,mean-threshold,0,0,1,1000,1,0.500000,0.000000,0.000000,0.000000,0.500000,0.500000,2000,2000,2510084.0,509626,1
m-pad,mean-threshold,0,0,1,1000,2,0.500000,0.000000,0.000000,0.000000,0.500000,0.500000,2000,2000,2510084.0,509626,1
m-pad,likelihood-ratio,0,0,4,1000,0,0.500000,0.000000,0.000000,0.000000,0.500000,0.500000,2000,2000,2510084.0,509626,1
m-pad,likelihood-ratio,0,0,4,1000,1,0.500000,0.000000,0.000000,0.000000,0.500000,0.500000,2000,2000,2510084.0,509626,1
m-pad,likelihood-ratio,0,0,4,1000,2,0.500000,0.000000,0.000000,0.000000,0.500000,0.500000,2000,2000,2510084.0,509626,1
m-pad,mean-threshold,0,0,4,1000,0,0.500000,0.000000,0.000000,0.000000,0.500000,0.500000,2000,2000,2510084.0,509626,1
m-pad,mean-threshold,0,0,4,1000,1,0.500000,0.000000,0.000000,0.000000,0.500000,0.500000,2000,2000,2510084.0,509626,1
m-pad,mean-threshold,0,0,4,1000,2,0.500000,0.000000,0.000000,0.000000,0.500000,0.500000,2000,2000,2510084.0,509626,1
m-pad,likelihood-ratio,0,0,16,1000,0,0.500000,0.000000,0.000000,0.000000,0.500000,0.500000,2000,2000,2510084.0,509626,1
m-pad,likelihood-ratio,0,0,16,1000,1,0.500000,0.000000,0.000000,0.000000,0.500000,0.500000,2000,2000,2510084.0,509626,1
m-pad,likelihood-ratio,0,0,16,1000,2,0.500000,0.000000,0.000000,0.000000,0.500000,0.500000,2000,2000,2510084.0,509626,1
m-pad,mean-threshold,0,0,16,1000,0,0.500000,0.000000,0.000000,0.000000,0.500000,0.500000,2000,2000,2510084.0,509626,1
m-pad,mean-threshold,0,0,16,1000,1,0.500000,0.000000,0.000000,0.000000,0.500000,0.500000,2000,2000,2510084.0,509626,1
m-pad,mean-threshold,0,0,16,1000,2,0.500000,0.000000,0.000000,0.000000,0.500000,0.500000,2000,2000,2510084.0,509626,1
m-pad,likelihood-ratio,0,0,64,1000,0,0.500000,0.000000,0.000000,0.000000,0.500000,0.500000,2000,2000,2510084.0,509626,1
m-pad,likelihood-ratio,0,0,64,1000,1,0.500000,0.000000,0.000000,0.000000,0.500000,0.500000,2000,2000,2510084.0,509626,1
m-pad,likelihood-ratio,0,0,64,1000,2,0.500000,0.000000,0.000000,0.000000,0.500000,0.500000,2000,2000,2510084.0,509626,1
m-pad,mean-threshold,0,0,64,1000,0,0.500000,0.000000,0.000000,0.000000,0.500000,0.500000,2000,2000,2510084.0,509626,1
m-pad,mean-threshold,0,0,64,1000,1,0.500000,0.000000,0.000000,0.000000,0.500000,0.500000,2000,2000,2510084.0,509626,1
m-pad,mean-threshold,0,0,64,1000,2,0.500000,0.000000,0.000000,0.000000,0.500000,0.500000,2000,2000,2510084.0,509626,1
m-pad,likelihood-ratio,0,0,256,1000,0,0.500000,0.000000,0.000000,0.000000,0.500000,0.500000,2000,2000,2510084.0,509626,1
m-pad,likelihood-ratio,0,0,256,1000,1,0.500000,0.000000,0.000000,0.000000,0.500000,0.500000,2000,2000,2510084.0,509626,1
m-pad,likelihood-ratio,0,0,256,1000,2,0.500000,0.000000,0.000000,0.000000,0.500000,0.500000,2000,2000,2510084.0,509626,1
m-pad,mean-threshold,0,0,256,1000,0,0.500000,0.000000,0.000000,0.000000,0.500000,0.500000,2000,2000,2510084.0,509626,1
m-pad,mean-threshold,0,0,256,1000,1,0.500000,0.000000,0.000000,0.000000,0.500000,0.500000,2000,2000,2510084.0,509626,1
m-pad,mean-threshold,0,0,256,1000,2,0.500000,0.000000,0.000000,0.000000,0.500000,0.500000,2000,2000,2510084.0,509626,1
m-geo,likelihood-ratio,0.1,0.000001,1,1000,0,0.509761,0.019523,0.032017,0.072451,0.483992,0.536226,2000,2000,68378545.6,509626,662545
m-geo,likelihood-ratio,0.1,0.000001,1,1000,1,0.499882,0.000236,0.050029,0.050446,0.474986,0.525223,2000,2000,68725924.7,509626,670567
m-geo,likelihood-ratio,0.1,0.000001,1,1000,2,0.501957,0.003914,0.046249,0.056921,0.476876,0.528460,2000,2000,68434397.7,509626,663878
m-geo,mean-threshold,0.1,0.000001,1,1000,0,0.509180,0.018360,0.032080,0.071090,0.483960,0.535545,2000,2000,68378545.6,509626,662545
m-geo,mean-threshold,0.1,0.000001,1,3000,1,0.484374,0.031253,0.003447,0.058828,0.470586,0.498277,2000,2000,68631086.5,509626,670567
m-geo,mean-threshold,0.1,0.000001,1,1000,2,0.494459,0.011082,0.037080,0.062166,0.468917,0.518540,2000,2000,68434397.7,509626,663878
m-geo,likelihood-ratio,0.1,0.000001,4,1500,0,0.511009,0.022017,0.018330,0.061984,0.490835,0.530992,2000,2000,68638192.0,509626,662545
m-geo,likelihood-ratio,0.1,0.000001,4,1000,1,0.508823,0.017646,0.034481,0.068573,0.482760,0.534286,2000,2000,68656802.8,509626,670567
m-geo,likelihood-ratio,0.1,0.000001,4,1500,2,0.514716,0.029432,0.009588,0.068283,0.495206,0.534142,2000,2000,68580028.4,509626,663878
m-geo,mean-threshold,0.1,0.000001,4,1000,0,0.496570,0.006860,0.045074,0.059154,0.470423,0.522537,2000,2000,68626437.7,509626,662545
m-geo,mean-threshold,0.1,0.000001,4,1500,1,0.510044,0.020089,0.020662,0.062662,0.489669,0.531331,2000,2000,68589480.6,509626,670567
m-geo,mean-threshold,0.1,0.000001,4,1000,2,0.496472,0.007056,0.043938,0.056458,0.471771,0.521969,2000,2000,68585658.3,509626,663878
m-geo,likelihood-ratio,0.1,0.000001,16,1000,0,0.503712,0.007424,0.043312,0.059234,0.478344,0.529617,2000,2000,68641820.9,509626,662545
m-geo,likelihood-ratio,0.1,0.000001,16,1000,1,0.486560,0.026880,0.021482,0.077426,0.461287,0.510741,2000,2000,68598129.6,509626,670567
m-geo,likelihood-ratio,0.1,0.000001,16,1000,2,0.488814,0.022372,0.029306,0.074640,0.462680,0.514653,2000,2000,68577589.7,509626,663878
m-geo,mean-threshold,0.1,0.000001,16,3000,0,0.476734,0.046532,0.017157,0.076859,0.461571,0.491421,2000,2000,68633321.5,509626,662545
m-geo,mean-threshold,0.1,0.000001,16,1000,1,0.487567,0.024866,0.026704,0.077994,0.461003,0.513352,2000,2000,68598129.6,509626,670567
m-geo,mean-threshold,0.1,0.000001,16,3000,2,0.480885,0.038231,0.008142,0.066470,0.466765,0.495929,2000,2000,68601118.1,509626,663878
m-geo,likelihood-ratio,0.1,0.000001,64,3500,0,0.518766,0.037531,0.012078,0.064292,0.506039,0.532146,2000,2000,68605549.0,509626,662545
m-geo,likelihood-ratio,0.1,0.000001,64,1500,1,0.513992,0.027984,0.014267,0.069321,0.492867,0.534660,2000,2000,68596909.4,509626,670567
m-geo,likelihood-ratio,0.1,0.000001,64,1000,2,0.497762,0.004476,0.045112,0.053990,0.473005,0.522556,2000,2000,68596469.6,509626,663878
m-geo,mean-threshold,0.1,0.000001,64,3000,0,0.468771,0.062458,0.033827,0.092401,0.453799,0.483087,2000,2000,68603524.4,509626,662545
m-geo,mean-threshold,0.1,0.000001,64,3000,1,0.477915,0.044170,0.013785,0.073462,0.463269,0.493108,2000,2000,68613136.8,509626,670567
m-geo,mean-threshold,0.1,0.000001,64,3000,2,0.464152,0.071696,0.042916,0.102552,0.448724,0.478542,2000,2000,68594992.5,509626,663878
m-geo,likelihood-ratio,0.1,0.000001,256,3000,0,0.530087,0.060173,0.031458,0.088390,0.515729,0.544195,2000,2000,68603921.2,509626,662545
m-geo,likelihood-ratio,0.1,0.000001,256,1000,1,0.494310,0.011380,0.037200,0.060706,0.469647,0.518600,2000,2000,68614129.9,509626,670567
m-geo,likelihood-ratio,0.1,0.000001,256,1000,2,0.501694,0.003388,0.045304,0.052444,0.477348,0.526222,2000,2000,68600139.5,509626,663878
m-geo,mean-threshold,0.1,0.000001,256,3000,0,0.450106,0.099789,0.070985,0.127954,0.436023,0.464508,2000,2000,68603921.2,509626,662545
m-geo,mean-threshold,0.1,0.000001,256,3000,1,0.447532,0.104936,0.076507,0.132953,0.433524,0.461747,2000,2000,68604956.8,509626,670567
m-geo,mean-threshold,0.1,0.000001,256,3000,2,0.448449,0.103103,0.074833,0.132297,0.433852,0.462583,2000,2000,68597308.7,509626,663878
m-bucket,likelihood-ratio,0.1,0.000001,1,1000,0,0.505005,0.010011,0.003028,0.017018,0.501514,0.508509,2000,2000,35160371.8,509626,1
m-bucket,likelihood-ratio,0.1,0.000001,1,1000,1,0.507015,0.014030,0.006024,0.022046,0.503012,0.511023,2000,2000,35157314.0,509626,1
m-bucket,likelihood-ratio,0.1,0.000001,1,1000,2,0.502500,0.005000,0.001000,0.010000,0.500500,0.505000,2000,2000,35162919.9,509626,1
m-bucket,mean-threshold,0.1,0.000001,1,1000,0,0.495005,0.009989,0.003000,0.017000,0.491500,0.498500,2000,2000,35160371.8,509626,1
m-bucket,mean-threshold,0.1,0.000001,1,1000,1,0.493016,0.013968,0.005960,0.022000,0.489000,0.497020,2000,2000,35157314.0,509626,1
m-bucket,mean-threshold,0.1,0.000001,1,1000,2,0.497500,0.005000,0.001000,0.010000,0.495000,0.499500,2000,2000,35162919.9,509626,1
m-bucket,likelihood-ratio,0.1,0.000001,4,1000,0,0.521521,0.043041,0.031028,0.056112,0.515514,0.528056,2000,2000,35159288.8,509626,1
m-bucket,likelihood-ratio,0.1,0.000001,4,1000,1,0.520110,0.040220,0.027112,0.054054,0.513556,0.527027,2000,2000,35158715.5,509626,1
m-bucket,likelihood-ratio,0.1,0.000001,4,1000,2,0.514527,0.029054,0.018063,0.041000,0.509031,0.520500,2000,2000,35159925.9,509626,1
m-bucket,mean-threshold,0.1,0.000001,4,1000,0,0.478519,0.042962,0.030934,0.056000,0.472000,0.484533,2000,2000,35159288.8,509626,1
m-bucket,mean-threshold,0.1,0.000001,4,1000,1,0.480109,0.039782,0.026762,0.053453,0.473274,0.486619,2000,2000,35158715.5,509626,1
m-bucket,mean-threshold,0.1,0.000001,4,1000,2,0.485512,0.028976,0.017979,0.040932,0.479534,0.491011,2000,2000,35159925.9,509626,1
m-bucket,likelihood-ratio,0.1,0.000001,16,1000,0,0.565536,0.131072,0.110448,0.153462,0.555224,0.576731,2000,2000,35159209.2,509626,1
m-bucket,likelihood-ratio,0.1,0.000001,16,1000,1,0.564133,0.128266,0.107832,0.150296,0.553916,0.575148,2000,2000,35160451.4,509626,1
m-bucket,likelihood-ratio,0.1,0.000001,16,1000,2,0.569839,0.139677,0.116743,0.161412,0.558372,0.580706,2000,2000,35158827.0,509626,1
m-bucket,mean-threshold,0.1,0.000001,16,1000,0,0.435513,0.128974,0.108631,0.151563,0.424218,0.445684,2000,2000,35159209.2,509626,1
m-bucket,mean-threshold,0.1,0.000001,16,1000,1,0.436258,0.127483,0.106892,0.149696,0.425152,0.446554,2000,2000,35160451.4,509626,1
m-bucket,mean-threshold,0.1,0.000001,16,1000,2,0.431969,0.136062,0.113965,0.158226,0.420887,0.443018,2000,2000,35158827.0,509626,1
m-bucket,likelihood-ratio,0.1,0.000001,64,1500,0,0.713537,0.427073,0.401029,0.454711,0.700515,0.727355,2000,2000,35159177.4,509626,1
m-bucket,likelihood-ratio,0.1,0.000001,64,1500,1,0.710936,0.421872,0.395816,0.448826,0.697908,0.724413,2000,2000,35159365.8,509626,1
m-bucket,likelihood-ratio,0.1,0.000001,64,1500,2,0.712402,0.424805,0.397404,0.451238,0.698702,0.725619,2000,2000,35158625.3,509626,1
m-bucket,mean-threshold,0.1,0.000001,64,1500,0,0.298328,0.403343,0.376171,0.432164,0.283918,0.311915,2000,2000,35159177.4,509626,1
m-bucket,mean-threshold,0.1,0.000001,64,1500,1,0.302339,0.395323,0.368424,0.423206,0.288397,0.315788,2000,2000,35159365.8,509626,1
m-bucket,mean-threshold,0.1,0.000001,64,1500,2,0.300949,0.398103,0.370386,0.425759,0.287120,0.314807,2000,2000,35158625.3,509626,1
m-bucket,likelihood-ratio,0.1,0.000001,256,1000,0,0.948388,0.896776,0.876097,0.916739,0.938048,0.958369,2000,2000,35158989.2,509626,1
m-bucket,likelihood-ratio,0.1,0.000001,256,1000,1,0.950827,0.901653,0.881175,0.920450,0.940588,0.960225,2000,2000,35158920.6,509626,1
m-bucket,likelihood-ratio,0.1,0.000001,256,1000,2,0.949874,0.899748,0.878882,0.918700,0.939441,0.959350,2000,2000,35158803.1,509626,1
m-bucket,mean-threshold,0.1,0.000001,256,2000,0,0.151927,0.696147,0.669091,0.722267,0.138867,0.165455,2000,2000,35158971.3,509626,1
m-bucket,mean-threshold,0.1,0.000001,256,2000,1,0.142896,0.714208,0.687729,0.741042,0.129479,0.156135,2000,2000,35158794.7,509626,1
m-bucket,mean-threshold,0.1,0.000001,256,2000,2,0.143441,0.713118,0.685019,0.739135,0.130433,0.157491,2000,2000,35158611.0,509626,1
m-geo,likelihood-ratio,0.5,0.000001,1,2000,0,0.510373,0.020746,0.016958,0.058228,0.491521,0.529114,2000,2000,15114498.4,509626,132318
m-geo,likelihood-ratio,0.5,0.000001,1,1500,1,0.500924,0.001848,0.039386,0.042886,0.480307,0.521443,2000,2000,15127623.8,509626,134038
m-geo,likelihood-ratio,0.5,0.000001,1,1000,2,0.500969,0.001937,0.048498,0.052655,0.475751,0.526327,2000,2000,15069333.2,509626,134188
m-geo,mean-threshold,0.5,0.000001,1,1000,0,0.493451,0.013098,0.038330,0.063184,0.468408,0.519165,2000,2000,15059069.0,509626,132318
m-geo,mean-threshold,0.5,0.000001,1,3000,1,0.467997,0.064006,0.036041,0.091476,0.454262,0.481980,2000,2000,15110088.7,509626,134038
m-geo,mean-threshold,0.5,0.000001,1,3000,2,0.466731,0.066539,0.036442,0.094543,0.452728,0.481779,2000,2000,15106473.7,509626,134188
m-geo,likelihood-ratio,0.5,0.000001,4,3000,0,0.542740,0.085481,0.055671,0.115458,0.527836,0.557729,2000,2000,15104707.6,509626,132318
m-geo,likelihood-ratio,0.5,0.000001,4,1000,1,0.515190,0.030380,0.022193,0.081493,0.488903,0.540747,2000,2000,15114171.9,509626,134038
m-geo,likelihood-ratio,0.5,0.000001,4,1000,2,0.512583,0.025167,0.026608,0.073246,0.486696,0.536623,2000,2000,15099652.4,509626,134188
m-geo,mean-threshold,0.5,0.000001,4,3500,0,0.461817,0.076366,0.049315,0.103316,0.448342,0.475342,2000,2000,15109737.0,509626,132318
m-geo,mean-threshold,0.5,0.000001,4,1000,1,0.491624,0.016752,0.035200,0.065816,0.467092,0.517600,2000,2000,15114171.9,509626,134038
m-geo,mean-threshold,0.5,0.000001,4,3000,2,0.471246,0.057509,0.028210,0.084592,0.457704,0.485895,2000,2000,15097370.0,509626,134188
m-geo,likelihood-ratio,0.5,0.000001,16,3000,0,0.568963,0.137925,0.110295,0.167992,0.555147,0.583996,2000,2000,15109648.2,509626,132318
m-geo,likelihood-ratio,0.5,0.000001,16,3000,1,0.527749,0.055498,0.027095,0.085325,0.513547,0.542663,2000,2000,15101481.2,509626,134038
m-geo,likelihood-ratio,0.5,0.000001,16,1000,2,0.500565,0.001130,0.050984,0.051668,0.474508,0.525834,2000,2000,15098270.4,509626,134188
m-geo,mean-threshold,0.5,0.000001,16,3000,0,0.424086,0.151827,0.122946,0.181369,0.409315,0.438527,2000,2000,15109648.2,509626,132318
m-geo,mean-threshold,0.5,0.000001,16,3000,1,0.436161,0.127678,0.097164,0.156773,0.421613,0.451418,2000,2000,15101481.2,509626,134038
m-geo,mean-threshold,0.5,0.000001,16,3000,2,0.429387,0.141225,0.111254,0.169112,0.415444,0.444373,2000,2000,15103338.2,509626,134188
m-geo,likelihood-ratio,0.5,0.000001,64,3000,0,0.612607,0.225215,0.197539,0.255157,0.598770,0.627579,2000,2000,15103935.7,509626,132318
m-geo,likelihood-ratio,0.5,0.000001,64,3000,1,0.556345,0.112690,0.084456,0.141400,0.542228,0.570700,2000,2000,15105749.1,509626,134038
m-geo,likelihood-ratio,0.5,0.000001,64,3000,2,0.539289,0.078579,0.049236,0.107649,0.524618,0.553824,2000,2000,15101989.6,509626,134188
m-geo,mean-threshold,0.5,0.000001,64,3000,0,0.368617,0.262766,0.236232,0.290759,0.354621,0.381884,2000,2000,15103935.7,509626,132318
m-geo,mean-threshold,0.5,0.000001,64,3000,1,0.377555,0.244890,0.216023,0.272948,0.363526,0.391988,2000,2000,15105749.1,509626,134038
m-geo,mean-threshold,0.5,0.000001,64,3000,2,0.363215,0.273570,0.246644,0.302126,0.348937,0.376678,2000,2000,15101989.6,509626,134188
m-geo,likelihood-ratio,0.5,0.000001,256,2500,0,0.701613,0.403227,0.375927,0.431289,0.687964,0.715644,2000,2000,15104822.8,509626,132318
m-geo,likelihood-ratio,0.5,0.000001,256,3000,1,0.615254,0.230509,0.200856,0.258938,0.600428,0.629469,2000,2000,15104121.9,509626,134038
m-geo,likelihood-ratio,0.5,0.000001,256,3000,2,0.566450,0.132900,0.103868,0.161212,0.551934,0.580606,2000,2000,15102541.1,509626,134188
m-geo,mean-threshold,0.5,0.000001,256,2500,0,0.264413,0.471175,0.444026,0.498662,0.250669,0.277987,2000,2000,15104822.8,509626,132318
m-geo,mean-threshold,0.5,0.000001,256,2000,1,0.249861,0.500279,0.470607,0.529028,0.235486,0.264697,2000,2000,15105140.3,509626,134038
m-geo,mean-threshold,0.5,0.000001,256,2500,2,0.259585,0.480830,0.453815,0.508798,0.245601,0.273092,2000,2000,15103141.2,509626,134188
m-bucket,likelihood-ratio,0.5,0.000001,1,3000,0,0.481044,0.037913,0.009464,0.067211,0.466394,0.495268,2000,2000,15810382.2,509626,94619
m-bucket,likelihood-ratio,0.5,0.000001,1,1500,1,0.508313,0.016626,0.023494,0.057404,0.488253,0.528702,2000,2000,15792120.6,509626,94619
m-bucket,likelihood-ratio,0.5,0.000001,1,1000,2,0.505853,0.011707,0.038952,0.064461,0.480524,0.532231,2000,2000,15784646.1,509626,94619
m-bucket,mean-threshold,0.5,0.000001,1,1000,0,0.513581,0.027162,0.023341,0.079326,0.488330,0.539663,2000,2000,15834844.3,509626,94619
m-bucket,mean-threshold,0.5,0.000001,1,1000,1,0.499377,0.001246,0.048991,0.051709,0.474145,0.524496,2000,2000,15780314.3,509626,94619
m-bucket,mean-threshold,0.5,0.000001,1,1000,2,0.497620,0.004760,0.042704,0.054905,0.472548,0.521352,2000,2000,15784646.1,509626,94619
m-bucket,likelihood-ratio,0.5,0.000001,4,2500,0,0.514229,0.028459,0.004536,0.059758,0.497732,0.529879,2000,2000,15805693.7,509626,94619
m-bucket,likelihood-ratio,0.5,0.000001,4,1000,1,0.491285,0.017431,0.034183,0.064949,0.467525,0.517092,2000,2000,15775982.5,509626,94619
m-bucket,likelihood-ratio,0.5,0.000001,4,1000,2,0.491102,0.017795,0.030608,0.068767,0.465616,0.515304,2000,2000,15798469.7,509626,94619
m-bucket,mean-threshold,0.5,0.000001,4,1000,0,0.501726,0.003453,0.044772,0.052048,0.477614,0.526024,2000,2000,15810318.5,509626,94619
m-bucket,mean-threshold,0.5,0.000001,4,1500,1,0.512969,0.025938,0.013980,0.064664,0.493010,0.532332,2000,2000,15780993.8,509626,94619
m-bucket,mean-threshold,0.5,0.000001,4,1000,2,0.507543,0.015086,0.033438,0.066206,0.483281,0.533103,2000,2000,15798469.7,509626,94619
m-bucket,likelihood-ratio,0.5,0.000001,16,1500,0,0.512020,0.024040,0.013972,0.066664,0.493014,0.533332,2000,2000,15801761.0,509626,94619
m-bucket,likelihood-ratio,0.5,0.000001,16,1500,1,0.513135,0.026270,0.016618,0.067888,0.491691,0.533944,2000,2000,15802068.9,509626,94619
m-bucket,likelihood-ratio,0.5,0.000001,16,1000,2,0.507553,0.015106,0.034642,0.064004,0.482679,0.532002,2000,2000,15795619.0,509626,94619
m-bucket,mean-threshold,0.5,0.000001,16,1000,0,0.490370,0.019261,0.029989,0.069348,0.465326,0.514995,2000,2000,15800778.9,509626,94619
m-bucket,mean-threshold,0.5,0.000001,16,3000,1,0.481877,0.036245,0.006306,0.064114,0.467943,0.496847,2000,2000,15798177.7,509626,94619
m-bucket,mean-threshold,0.5,0.000001,16,1000,2,0.488781,0.022438,0.029278,0.072576,0.463712,0.514639,2000,2000,15795619.0,509626,94619
m-bucket,likelihood-ratio,0.5,0.000001,64,1000,0,0.492006,0.015988,0.031848,0.065208,0.467396,0.515924,2000,2000,15792569.2,509626,94619
m-bucket,likelihood-ratio,0.5,0.000001,64,1500,1,0.497100,0.005799,0.037129,0.047003,0.476499,0.518564,2000,2000,15796909.0,509626,94619
m-bucket,likelihood-ratio,0.5,0.000001,64,1500,2,0.509387,0.018773,0.022059,0.061384,0.488971,0.530692,2000,2000,15797665.4,509626,94619
m-bucket,mean-threshold,0.5,0.000001,64,1000,0,0.497397,0.005205,0.045860,0.056622,0.471689,0.522930,2000,2000,15792569.2,509626,94619
m-bucket,mean-threshold,0.5,0.000001,64,3000,1,0.479832,0.040336,0.011158,0.070053,0.464973,0.494421,2000,2000,15796526.8,509626,94619
m-bucket,mean-threshold,0.5,0.000001,64,1000,2,0.495266,0.009467,0.040784,0.060567,0.469716,0.520392,2000,2000,15800102.1,509626,94619
m-bucket,likelihood-ratio,0.5,0.000001,256,1000,0,0.507944,0.015888,0.036270,0.065896,0.481865,0.532948,2000,2000,15793769.6,509626,94619
m-bucket,likelihood-ratio,0.5,0.000001,256,1000,1,0.513754,0.027508,0.022358,0.077910,0.488821,0.538955,2000,2000,15795716.5,509626,94619
m-bucket,likelihood-ratio,0.5,0.000001,256,2000,2,0.511986,0.023972,0.012581,0.059566,0.493710,0.529783,2000,2000,15795613.5,509626,94619
m-bucket,mean-threshold,0.5,0.000001,256,1500,0,0.489610,0.020780,0.021385,0.064833,0.467583,0.510692,2000,2000,15795294.5,509626,94619
m-bucket,mean-threshold,0.5,0.000001,256,1000,1,0.501018,0.002036,0.051582,0.052493,0.474209,0.526246,2000,2000,15795716.5,509626,94619
m-bucket,mean-threshold,0.5,0.000001,256,1000,2,0.491982,0.016035,0.034458,0.065008,0.467496,0.517229,2000,2000,15794520.1,509626,94619
m-geo,likelihood-ratio,1,0.000001,1,3000,0,0.526047,0.052095,0.022540,0.079922,0.511270,0.539961,2000,2000,8418849.5,509626,67143
m-geo,likelihood-ratio,1,0.000001,1,3000,1,0.537740,0.075479,0.046026,0.102352,0.523013,0.551176,2000,2000,8419964.6,509626,67377
m-geo,likelihood-ratio,1,0.000001,1,1000,2,0.503466,0.006932,0.043466,0.055611,0.478267,0.527806,2000,2000,8398700.7,509626,67451
m-geo,mean-threshold,1,0.000001,1,2000,0,0.487151,0.025698,0.009831,0.060427,0.469786,0.504916,2000,2000,8422016.5,509626,67143
m-geo,mean-threshold,1,0.000001,1,3000,1,0.447935,0.104131,0.076433,0.131572,0.434214,0.461784,2000,2000,8419964.6,509626,67377
m-geo,mean-threshold,1,0.000001,1,3000,2,0.447000,0.106000,0.076294,0.134117,0.432941,0.461853,2000,2000,8416850.7,509626,67451
m-geo,likelihood-ratio,1,0.000001,4,3000,0,0.568448,0.136896,0.108050,0.166500,0.554025,0.583250,2000,2000,8417071.7,509626,67143
m-geo,likelihood-ratio,1,0.000001,4,3000,1,0.548190,0.096380,0.067808,0.125038,0.533904,0.562519,2000,2000,8417174.6,509626,67377
m-geo,likelihood-ratio,1,0.000001,4,3000,2,0.556602,0.113203,0.085701,0.141325,0.542850,0.570663,2000,2000,8412854.9,509626,67451
m-geo,mean-threshold,1,0.000001,4,3000,0,0.425439,0.149123,0.119456,0.178904,0.410548,0.440272,2000,2000,8417071.7,509626,67143
m-geo,mean-threshold,1,0.000001,4,3000,1,0.430452,0.139097,0.111456,0.167525,0.416237,0.444272,2000,2000,8417174.6,509626,67377
m-geo,mean-threshold,1,0.000001,4,3000,2,0.438867,0.122266,0.092448,0.149190,0.425405,0.453776,2000,2000,8412854.9,509626,67451
m-geo,likelihood-ratio,1,0.000001,16,2500,0,0.639415,0.278830,0.249071,0.309047,0.624536,0.654523,2000,2000,8419803.1,509626,67143
m-geo,likelihood-ratio,1,0.000001,16,3000,1,0.597451,0.194901,0.166158,0.223355,0.583079,0.611678,2000,2000,8415085.3,509626,67377
m-geo,likelihood-ratio,1,0.000001,16,3000,2,0.609943,0.219886,0.193248,0.248961,0.596624,0.624481,2000,2000,8416116.3,509626,67451
m-geo,mean-threshold,1,0.000001,16,2500,0,0.360010,0.279979,0.250408,0.309320,0.345340,0.374796,2000,2000,8419803.1,509626,67143
m-geo,mean-threshold,1,0.000001,16,3000,1,0.374415,0.251170,0.221841,0.279754,0.360123,0.389080,2000,2000,8415085.3,509626,67377
m-geo,mean-threshold,1,0.000001,16,2500,2,0.363586,0.272828,0.242076,0.301518,0.349241,0.378962,2000,2000,8415597.6,509626,67451
m-geo,likelihood-ratio,1,0.000001,64,2500,0,0.744528,0.489056,0.461952,0.515100,0.730976,0.757550,2000,2000,8417251.9,509626,67143
m-geo,likelihood-ratio,1,0.000001,64,2500,1,0.691167,0.382334,0.355655,0.411477,0.677828,0.705739,2000,2000,8416926.7,509626,67377
m-geo,likelihood-ratio,1,0.000001,64,2500,2,0.707571,0.415141,0.385592,0.444389,0.692796,0.722195,2000,2000,8415072.9,509626,67451
m-geo,mean-threshold,1,0.000001,64,2500,0,0.261281,0.477437,0.450257,0.504886,0.247557,0.274872,2000,2000,8417251.9,509626,67143
m-geo,mean-threshold,1,0.000001,64,2000,1,0.257911,0.484178,0.454851,0.514829,0.242586,0.272575,2000,2000,8416001.9,509626,67377
m-geo,mean-threshold,1,0.000001,64,2500,2,0.253944,0.492112,0.464869,0.519184,0.240408,0.267565,2000,2000,8415072.9,509626,67451
m-geo,likelihood-ratio,1,0.000001,256,1000,0,0.902470,0.804940,0.779064,0.829498,0.889532,0.914749,2000,2000,8417160.6,509626,67143
m-geo,likelihood-ratio,1,0.000001,256,1500,1,0.850879,0.701757,0.675407,0.728219,0.837704,0.864109,2000,2000,8417425.0,509626,67377
m-geo,likelihood-ratio,1,0.000001,256,1500,2,0.854651,0.709302,0.681036,0.734168,0.840518,0.867084,2000,2000,8415859.3,509626,67451
m-geo,mean-threshold,1,0.000001,256,1000,0,0.098779,0.802442,0.777100,0.829032,0.085484,0.111450,2000,2000,8417160.6,509626,67143
m-geo,mean-threshold,1,0.000001,256,1000,1,0.092500,0.815000,0.789268,0.838934,0.080533,0.105366,2000,2000,8417466.0,509626,67377
m-geo,mean-threshold,1,0.000001,256,1000,2,0.096731,0.806538,0.778986,0.832196,0.083902,0.110507,2000,2000,8416032.5,509626,67451
m-bucket,likelihood-ratio,1,0.000001,1,1000,0,0.497889,0.004223,0.042194,0.053342,0.473329,0.521097,2000,2000,9187027.9,509626,94619
m-bucket,likelihood-ratio,1,0.000001,1,1000,1,0.496563,0.006874,0.041369,0.054432,0.472784,0.520684,2000,2000,9166642.9,509626,94619
m-bucket,likelihood-ratio,1,0.000001,1,1000,2,0.501625,0.003251,0.043624,0.048738,0.478188,0.524369,2000,2000,9143964.5,509626,94619
m-bucket,mean-threshold,1,0.000001,1,1000,0,0.495652,0.008695,0.040534,0.057027,0.471486,0.520267,2000,2000,9187027.9,509626,94619
m-bucket,mean-threshold,1,0.000001,1,1500,1,0.506020,0.012040,0.023940,0.052284,0.488030,0.526142,2000,2000,9172418.6,509626,94619
m-bucket,mean-threshold,1,0.000001,1,1000,2,0.506690,0.013379,0.033761,0.059352,0.483119,0.529676,2000,2000,9143964.5,509626,94619
m-bucket,likelihood-ratio,1,0.000001,4,1500,0,0.493855,0.012290,0.027573,0.053853,0.473073,0.513787,2000,2000,9173522.8,509626,94619
m-bucket,likelihood-ratio,1,0.000001,4,1000,1,0.507152,0.014304,0.037287,0.065026,0.481357,0.532513,2000,2000,9166005.8,509626,94619
m-bucket,likelihood-ratio,1,0.000001,4,1000,2,0.496383,0.007233,0.044339,0.054937,0.472531,0.522169,2000,2000,9161355.5,509626,94619
m-bucket,mean-threshold,1,0.000001,4,3000,0,0.482132,0.035736,0.007617,0.065281,0.467359,0.496192,2000,2000,9172291.2,509626,94619
m-bucket,mean-threshold,1,0.000001,4,2000,1,0.484752,0.030496,0.006370,0.064915,0.467543,0.503185,2000,2000,9172535.4,509626,94619
m-bucket,mean-threshold,1,0.000001,4,1000,2,0.485443,0.029114,0.019654,0.076775,0.461612,0.509827,2000,2000,9161355.5,509626,94619
m-bucket,likelihood-ratio,1,0.000001,16,1000,0,0.514237,0.028474,0.020336,0.078908,0.489832,0.539454,2000,2000,9168792.8,509626,94619
m-bucket,likelihood-ratio,1,0.000001,16,1000,1,0.486795,0.026411,0.022492,0.076519,0.461740,0.511246,2000,2000,9168633.6,509626,94619
m-bucket,likelihood-ratio,1,0.000001,16,1000,2,0.499511,0.000978,0.046844,0.053421,0.473289,0.523422,2000,2000,9166308.4,509626,94619
m-bucket,mean-threshold,1,0.000001,16,2000,0,0.492630,0.014741,0.023254,0.052736,0.473632,0.511627,2000,2000,9174199.7,509626,94619
m-bucket,mean-threshold,1,0.000001,16,2500,1,0.487218,0.025564,0.007160,0.056947,0.471527,0.503580,2000,2000,9170637.1,509626,94619
m-bucket,mean-threshold,1,0.000001,16,1000,2,0.485458,0.029084,0.022855,0.080399,0.459801,0.511428,2000,2000,9166308.4,509626,94619
m-bucket,likelihood-ratio,1,0.000001,64,1500,0,0.510215,0.020431,0.022439,0.061399,0.488780,0.530699,2000,2000,9168283.2,509626,94619
m-bucket,likelihood-ratio,1,0.000001,64,1500,1,0.505120,0.010241,0.030443,0.049968,0.484779,0.524984,2000,2000,9171755.0,509626,94619
m-bucket,likelihood-ratio,1,0.000001,64,1000,2,0.500865,0.001730,0.048840,0.049792,0.475580,0.524896,2000,2000,9167901.0,509626,94619
m-bucket,mean-threshold,1,0.000001,64,1500,0,0.486477,0.027046,0.013270,0.066600,0.466700,0.506635,2000,2000,9168283.2,509626,94619
m-bucket,mean-threshold,1,0.000001,64,1000,1,0.496243,0.007514,0.043329,0.059083,0.470459,0.521664,2000,2000,9170206.3,509626,94619
m-bucket,mean-threshold,1,0.000001,64,3000,2,0.474665,0.050671,0.021313,0.080573,0.459713,0.489344,2000,2000,9168556.6,509626,94619
m-bucket,likelihood-ratio,1,0.000001,256,1000,0,0.499021,0.001958,0.048360,0.053308,0.473346,0.524180,2000,2000,9169749.4,509626,94619
m-bucket,likelihood-ratio,1,0.000001,256,2000,1,0.492621,0.014757,0.021660,0.051351,0.474324,0.510830,2000,2000,9171659.0,509626,94619
m-bucket,likelihood-ratio,1,0.000001,256,1000,2,0.490719,0.018562,0.033922,0.070450,0.464775,0.516961,2000,2000,9170169.4,509626,94619
m-bucket,mean-threshold,1,0.000001,256,3000,0,0.471696,0.056608,0.028954,0.086473,0.456763,0.485523,2000,2000,9170774.0,509626,94619
m-bucket,mean-threshold,1,0.000001,256,3000,1,0.457359,0.085282,0.055717,0.114980,0.442510,0.472141,2000,2000,9171794.2,509626,94619
m-bucket,mean-threshold,1,0.000001,256,3000,2,0.469211,0.061578,0.033263,0.090549,0.454726,0.483368,2000,2000,9171744.8,509626,94619
m-geo,likelihood-ratio,2,0.000001,1,3000,0,0.554861,0.109723,0.082988,0.137913,0.541494,0.568956,2000,2000,5074300.1,509626,35066
m-geo,likelihood-ratio,2,0.000001,1,3000,1,0.581909,0.163818,0.135511,0.191242,0.567755,0.595621,2000,2000,5074902.1,509626,34451
m-geo,likelihood-ratio,2,0.000001,1,3000,2,0.579377,0.158754,0.130254,0.186372,0.565127,0.593186,2000,2000,5072038.7,509626,35051
m-geo,mean-threshold,2,0.000001,1,3000,0,0.448250,0.103500,0.076420,0.130360,0.434820,0.461790,2000,2000,5074300.1,509626,35066
m-geo,mean-threshold,2,0.000001,1,3000,1,0.410019,0.179963,0.152772,0.207909,0.396046,0.423614,2000,2000,5074902.1,509626,34451
m-geo,mean-threshold,2,0.000001,1,3000,2,0.409504,0.180992,0.151552,0.208652,0.395674,0.424224,2000,2000,5072038.7,509626,35051
m-geo,likelihood-ratio,2,0.000001,4,2500,0,0.640264,0.280529,0.251368,0.311254,0.625684,0.655627,2000,2000,5073467.5,509626,35066
m-geo,likelihood-ratio,2,0.000001,4,3000,1,0.633534,0.267068,0.240577,0.296017,0.620289,0.648008,2000,2000,5072837.1,509626,34451
m-geo,likelihood-ratio,2,0.000001,4,3000,2,0.635097,0.270195,0.242696,0.297005,0.621348,0.648503,2000,2000,5070596.9,509626,35051
m-geo,mean-threshold,2,0.000001,4,2500,0,0.366423,0.267155,0.237824,0.296992,0.351504,0.381088,2000,2000,5073467.5,509626,35066
m-geo,mean-threshold,2,0.000001,4,3000,1,0.367108,0.265784,0.238973,0.292684,0.353658,0.380513,2000,2000,5072837.1,509626,34451
m-geo,mean-threshold,2,0.000001,4,3000,2,0.376531,0.246939,0.218253,0.273204,0.363398,0.390873,2000,2000,5070596.9,509626,35051
m-geo,likelihood-ratio,2,0.000001,16,2000,0,0.782998,0.565995,0.538309,0.592469,0.769154,0.796234,2000,2000,5074063.5,509626,35066
m-geo,likelihood-ratio,2,0.000001,16,2500,1,0.756916,0.513833,0.487197,0.540036,0.743599,0.770018,2000,2000,5071559.5,509626,34451
m-geo,likelihood-ratio,2,0.000001,16,2000,2,0.751792,0.503585,0.473516,0.533438,0.736758,0.766719,2000,2000,5072160.5,509626,35051
m-geo,mean-threshold,2,0.000001,16,2000,0,0.241245,0.517511,0.488294,0.545233,0.227384,0.255853,2000,2000,5074063.5,509626,35066
m-geo,mean-threshold,2,0.000001,16,2500,1,0.257903,0.484194,0.455145,0.510855,0.244572,0.272428,2000,2000,5071559.5,509626,34451
m-geo,mean-threshold,2,0.000001,16,2500,2,0.253055,0.493890,0.467828,0.519006,0.240497,0.266086,2000,2000,5072239.3,509626,35051
m-geo,likelihood-ratio,2,0.000001,64,1000,0,0.925676,0.851352,0.829232,0.872906,0.914616,0.936453,2000,2000,5073902.0,509626,35066
m-geo,likelihood-ratio,2,0.000001,64,1000,1,0.919297,0.838594,0.815008,0.861724,0.907504,0.930862,2000,2000,5072245.0,509626,34451
m-geo,likelihood-ratio,2,0.000001,64,1000,2,0.911822,0.823644,0.798938,0.847872,0.899469,0.923936,2000,2000,5071817.2,509626,35051
m-geo,mean-threshold,2,0.000001,64,1000,0,0.093000,0.814000,0.788936,0.839114,0.080443,0.105532,2000,2000,5073902.0,509626,35066
m-geo,mean-threshold,2,0.000001,64,1000,1,0.093320,0.813360,0.789222,0.837854,0.081073,0.105389,2000,2000,5072245.0,509626,34451
m-geo,mean-threshold,2,0.000001,64,1000,2,0.102951,0.794098,0.765990,0.821416,0.089292,0.117005,2000,2000,5071817.2,509626,35051
m-geo,likelihood-ratio,2,0.000001,256,1000,0,0.997995,0.995990,0.993624,0.997924,0.996812,0.998962,2000,2000,5073110.5,509626,35066
m-geo,likelihood-ratio,2,0.000001,256,1000,1,0.997024,0.994048,0.991326,0.996418,0.995663,0.998209,2000,2000,5073206.6,509626,34451
m-geo,likelihood-ratio,2,0.000001,256,1000,2,0.997094,0.994188,0.991754,0.996216,0.995877,0.998108,2000,2000,5072470.8,509626,35051
m-geo,mean-threshold,2,0.000001,256,1000,0,0.005852,0.988296,0.983880,0.992196,0.003902,0.008060,2000,2000,5073110.5,509626,35066
m-geo,mean-threshold,2,0.000001,256,1000,1,0.005104,0.989792,0.985598,0.993398,0.003301,0.007201,2000,2000,5073206.6,509626,34451
m-geo,mean-threshold,2,0.000001,256,1000,2,0.004743,0.990514,0.986454,0.994068,0.002966,0.006773,2000,2000,5072470.8,509626,35051
m-bucket,likelihood-ratio,2,0.000001,1,1000,0,0.498522,0.002956,0.033440,0.038991,0.480505,0.516720,2000,2000,5602063.8,509626,1
m-bucket,likelihood-ratio,2,0.000001,1,1000,1,0.496638,0.006725,0.029598,0.043171,0.478415,0.514799,2000,2000,5604866.7,509626,1
m-bucket,likelihood-ratio,2,0.000001,1,1000,2,0.497362,0.005277,0.031022,0.042716,0.478642,0.515511,2000,2000,5600534.9,509626,1
m-bucket,mean-threshold,2,0.000001,1,1000,0,0.499500,0.001000,0.035269,0.037264,0.482366,0.518632,2000,2000,5602063.8,509626,1
m-bucket,mean-threshold,2,0.000001,1,1000,1,0.502988,0.005975,0.031735,0.042956,0.484133,0.521478,2000,2000,5604866.7,509626,1
m-bucket,mean-threshold,2,0.000001,1,1000,2,0.502749,0.005497,0.032434,0.042571,0.483783,0.521285,2000,2000,5600534.9,509626,1
m-bucket,likelihood-ratio,2,0.000001,4,1000,0,0.508978,0.017956,0.032136,0.067201,0.483932,0.533601,2000,2000,5602446.0,509626,1
m-bucket,likelihood-ratio,2,0.000001,4,3000,1,0.520138,0.040276,0.011493,0.069674,0.505746,0.534837,2000,2000,5603401.6,509626,1
m-bucket,likelihood-ratio,2,0.000001,4,1000,2,0.512212,0.024424,0.023238,0.075118,0.488381,0.537559,2000,2000,5603656.4,509626,1
m-bucket,mean-threshold,2,0.000001,4,1000,0,0.486528,0.026944,0.021922,0.077676,0.461162,0.510961,2000,2000,5602446.0,509626,1
m-bucket,mean-threshold,2,0.000001,4,3000,1,0.481126,0.037748,0.009269,0.066625,0.466687,0.495365,2000,2000,5603401.6,509626,1
m-bucket,mean-threshold,2,0.000001,4,1000,2,0.489592,0.020816,0.025570,0.073584,0.463208,0.512785,2000,2000,5603656.4,509626,1
m-bucket,likelihood-ratio,2,0.000001,16,1000,0,0.505631,0.011262,0.040636,0.061483,0.479682,0.530741,2000,2000,5603895.3,509626,1
m-bucket,likelihood-ratio,2,0.000001,16,3000,1,0.520964,0.041929,0.011881,0.071248,0.505941,0.535624,2000,2000,5603470.6,509626,1
m-bucket,likelihood-ratio,2,0.000001,16,3000,2,0.515601,0.031203,0.002757,0.060835,0.501379,0.530418,2000,2000,5602727.4,509626,1
m-bucket,mean-threshold,2,0.000001,16,1000,0,0.489550,0.020901,0.030130,0.071816,0.464092,0.515065,2000,2000,5603895.3,509626,1
m-bucket,mean-threshold,2,0.000001,16,3000,1,0.477261,0.045477,0.013924,0.073644,0.463178,0.493038,2000,2000,5603470.6,509626,1
m-bucket,mean-threshold,2,0.000001,16,3000,2,0.480830,0.038341,0.009241,0.066606,0.466697,0.495380,2000,2000,5602727.4,509626,1
m-bucket,likelihood-ratio,2,0.000001,64,1000,0,0.498229,0.003543,0.049393,0.054264,0.472868,0.524697,2000,2000,5603202.5,509626,1
m-bucket,likelihood-ratio,2,0.000001,64,1500,1,0.514130,0.028260,0.010404,0.068885,0.494798,0.534442,2000,2000,5604004.1,509626,1
m-bucket,likelihood-ratio,2,0.000001,64,3000,2,0.538926,0.077852,0.048027,0.106322,0.524014,0.553161,2000,2000,5603570.1,509626,1
m-bucket,mean-threshold,2,0.000001,64,3000,0,0.466875,0.066250,0.037441,0.094001,0.452999,0.481280,2000,2000,5603280.8,509626,1
m-bucket,mean-threshold,2,0.000001,64,3000,1,0.457904,0.084192,0.054634,0.113133,0.443434,0.472683,2000,2000,5604239.0,509626,1
m-bucket,mean-threshold,2,0.000001,64,3000,2,0.470572,0.058856,0.029637,0.086512,0.456744,0.485181,2000,2000,5603570.1,509626,1
m-bucket,likelihood-ratio,2,0.000001,256,3000,0,0.527434,0.054868,0.026359,0.084107,0.513179,0.542054,2000,2000,5603557.5,509626,1
m-bucket,likelihood-ratio,2,0.000001,256,3000,1,0.551320,0.102641,0.072490,0.130469,0.536245,0.565235,2000,2000,5603848.8,509626,1
m-bucket,likelihood-ratio,2,0.000001,256,3000,2,0.568428,0.136855,0.107097,0.164576,0.553548,0.582288,2000,2000,5604199.2,509626,1
m-bucket,mean-threshold,2,0.000001,256,3000,0,0.434422,0.131155,0.100811,0.160009,0.419996,0.449594,2000,2000,5603557.5,509626,1
m-bucket,mean-threshold,2,0.000001,256,3000,1,0.436084,0.127831,0.098618,0.156392,0.421804,0.450691,2000,2000,5603848.8,509626,1
m-bucket,mean-threshold,2,0.000001,256,3000,2,0.427391,0.145219,0.117009,0.173239,0.413381,0.441495,2000,2000,5604199.2,509626,1
m-geo,likelihood-ratio,5,0.000001,1,3000,0,0.635966,0.271931,0.245407,0.298123,0.622703,0.649061,2000,2000,3067570.9,509626,16502
m-geo,likelihood-ratio,5,0.000001,1,2500,1,0.679389,0.358778,0.329769,0.387665,0.664885,0.693833,2000,2000,3067430.3,509626,16367
m-geo,likelihood-ratio,5,0.000001,1,2500,2,0.670824,0.341647,0.313162,0.369967,0.656581,0.684983,2000,2000,3065302.5,509626,16577
m-geo,mean-threshold,5,0.000001,1,3000,0,0.355108,0.289783,0.263312,0.315164,0.342418,0.368344,2000,2000,3067570.9,509626,16502
m-geo,mean-threshold,5,0.000001,1,2500,1,0.317620,0.364760,0.335671,0.393510,0.303245,0.332165,2000,2000,3067430.3,509626,16367
m-geo,mean-threshold,5,0.000001,1,2500,2,0.322708,0.354584,0.324864,0.382992,0.308504,0.337568,2000,2000,3065302.5,509626,16577
m-geo,likelihood-ratio,5,0.000001,4,2000,0,0.803686,0.607371,0.579006,0.634014,0.789503,0.817007,2000,2000,3068001.8,509626,16502
m-geo,likelihood-ratio,5,0.000001,4,2000,1,0.802509,0.605017,0.576116,0.630846,0.788058,0.815423,2000,2000,3066009.9,509626,16367
m-geo,likelihood-ratio,5,0.000001,4,2000,2,0.786505,0.573011,0.545833,0.601209,0.772917,0.800604,2000,2000,3064933.9,509626,16577
m-geo,mean-threshold,5,0.000001,4,2000,0,0.210838,0.578324,0.549781,0.604917,0.197542,0.225109,2000,2000,3068001.8,509626,16502
m-geo,mean-threshold,5,0.000001,4,2000,1,0.215593,0.568814,0.540054,0.596376,0.201812,0.229973,2000,2000,3066009.9,509626,16367
m-geo,mean-threshold,5,0.000001,4,2000,2,0.235857,0.528285,0.498418,0.556520,0.221740,0.250791,2000,2000,3064933.9,509626,16577
m-geo,likelihood-ratio,5,0.000001,16,1000,0,0.958457,0.916914,0.900370,0.931562,0.950185,0.965781,2000,2000,3067088.7,509626,16502
m-geo,likelihood-ratio,5,0.000001,16,1000,1,0.954591,0.909182,0.892916,0.924914,0.946458,0.962457,2000,2000,3066028.0,509626,16367
m-geo,likelihood-ratio,5,0.000001,16,1000,2,0.957126,0.914252,0.898070,0.930314,0.949035,0.965157,2000,2000,3065424.3,509626,16577
m-geo,mean-threshold,5,0.000001,16,1000,0,0.055673,0.888654,0.869898,0.905834,0.047083,0.065051,2000,2000,3067088.7,509626,16502
m-geo,mean-threshold,5,0.000001,16,1000,1,0.068176,0.863648,0.841668,0.883424,0.058288,0.079166,2000,2000,3066028.0,509626,16367
m-geo,mean-threshold,5,0.000001,16,1000,2,0.063203,0.873594,0.851686,0.893594,0.053203,0.074157,2000,2000,3065424.3,509626,16577
m-geo,likelihood-ratio,5,0.000001,64,1000,0,0.999671,0.999342,0.998296,0.999898,0.999148,0.999949,2000,2000,3066950.5,509626,16502
m-geo,likelihood-ratio,5,0.000001,64,1000,1,0.999689,0.999378,0.998872,0.999750,0.999436,0.999875,2000,2000,3066167.6,509626,16367
m-geo,likelihood-ratio,5,0.000001,64,1000,2,0.999480,0.998960,0.998106,0.999574,0.999053,0.999787,2000,2000,3065775.8,509626,16577
m-geo,mean-threshold,5,0.000001,64,1000,0,0.000718,0.998564,0.997462,0.999394,0.000303,0.001269,2000,2000,3066950.5,509626,16502
m-geo,mean-threshold,5,0.000001,64,1000,1,0.001187,0.997626,0.996088,0.998966,0.000517,0.001956,2000,2000,3066167.6,509626,16367
m-geo,mean-threshold,5,0.000001,64,1000,2,0.001282,0.997436,0.995846,0.998652,0.000674,0.002077,2000,2000,3065775.8,509626,16577
m-geo,likelihood-ratio,5,0.000001,256,1000,0,1.000000,1.000000,1.000000,1.000000,1.000000,1.000000,2000,2000,3066673.5,509626,16502
m-geo,likelihood-ratio,5,0.000001,256,1000,1,1.000000,1.000000,1.000000,1.000000,1.000000,1.000000,2000,2000,3066650.2,509626,16367
m-geo,likelihood-ratio,5,0.000001,256,1000,2,1.000000,1.000000,1.000000,1.000000,1.000000,1.000000,2000,2000,3066321.7,509626,16577
m-geo,mean-threshold,5,0.000001,256,1000,0,0.000000,1.000000,1.000000,1.000000,0.000000,0.000000,2000,2000,3066673.5,509626,16502
m-geo,mean-threshold,5,0.000001,256,1000,1,0.000000,1.000000,1.000000,1.000000,0.000000,0.000000,2000,2000,3066650.2,509626,16367
m-geo,mean-threshold,5,0.000001,256,1000,2,0.000000,1.000000,1.000000,1.000000,0.000000,0.000000,2000,2000,3066321.7,509626,16577
m-bucket,likelihood-ratio,5,0.000001,1,1000,0,0.503476,0.006953,0.002985,0.017829,0.498507,0.508915,2000,2000,3566107.9,509626,1
m-bucket,likelihood-ratio,5,0.000001,1,1000,1,0.505464,0.010928,0.000018,0.021835,0.500009,0.510918,2000,2000,3563814.6,509626,1
m-bucket,likelihood-ratio,5,0.000001,1,1000,2,0.503469,0.006938,0.003968,0.017856,0.498016,0.508928,2000,2000,3567636.8,509626,1
m-bucket,mean-threshold,5,0.000001,1,1000,0,0.496524,0.006953,0.002985,0.017829,0.491086,0.501493,2000,2000,3566107.9,509626,1
m-bucket,mean-threshold,5,0.000001,1,1000,1,0.493536,0.012928,0.002009,0.023876,0.488062,0.498995,2000,2000,3563814.6,509626,1
m-bucket,mean-threshold,5,0.000001,1,1000,2,0.496531,0.006938,0.003968,0.017856,0.491072,0.501984,2000,2000,3567636.8,509626,1
m-bucket,likelihood-ratio,5,0.000001,4,1000,0,0.519282,0.038564,0.018694,0.058890,0.509347,0.529445,2000,2000,3564260.5,509626,1
m-bucket,likelihood-ratio,5,0.000001,4,1000,1,0.507306,0.014612,0.007586,0.036810,0.496207,0.518405,2000,2000,3564324.2,509626,1
m-bucket,likelihood-ratio,5,0.000001,4,1000,2,0.518908,0.037816,0.016364,0.059815,0.508182,0.529907,2000,2000,3565534.6,509626,1
m-bucket,mean-threshold,5,0.000001,4,1000,0,0.481808,0.036384,0.016699,0.055959,0.472021,0.491650,2000,2000,3564260.5,509626,1
m-bucket,mean-threshold,5,0.000001,4,1000,1,0.492165,0.015669,0.006645,0.037846,0.481077,0.503323,2000,2000,3564324.2,509626,1
m-bucket,mean-threshold,5,0.000001,4,1000,2,0.481487,0.037026,0.015672,0.058242,0.470879,0.492164,2000,2000,3565534.6,509626,1
m-bucket,likelihood-ratio,5,0.000001,16,2000,0,0.549266,0.098532,0.072410,0.124773,0.536205,0.562387,2000,2000,3565040.9,509626,1
m-bucket,likelihood-ratio,5,0.000001,16,2000,1,0.558579,0.117158,0.091181,0.143413,0.545590,0.571706,2000,2000,3564618.9,509626,1
m-bucket,likelihood-ratio,5,0.000001,16,2000,2,0.546584,0.093168,0.067274,0.118464,0.533637,0.559232,2000,2000,3565343.5,509626,1
m-bucket,mean-threshold,5,0.000001,16,1500,0,0.453054,0.093892,0.064180,0.123460,0.438270,0.467910,2000,2000,3564940.0,509626,1
m-bucket,mean-threshold,5,0.000001,16,2000,1,0.443240,0.113520,0.087705,0.139773,0.430113,0.456147,2000,2000,3564618.9,509626,1
m-bucket,mean-threshold,5,0.000001,16,1500,2,0.459403,0.081194,0.050765,0.110650,0.444675,0.474617,2000,2000,3565205.5,509626,1
m-bucket,likelihood-ratio,5,0.000001,64,2500,0,0.646085,0.292170,0.262557,0.322372,0.631279,0.661186,2000,2000,3565085.5,509626,1
m-bucket,likelihood-ratio,5,0.000001,64,2500,1,0.654575,0.309150,0.279522,0.339019,0.639761,0.669509,2000,2000,3564956.5,509626,1
m-bucket,likelihood-ratio,5,0.000001,64,2500,2,0.657786,0.315572,0.286767,0.343726,0.643383,0.671863,2000,2000,3564985.2,509626,1
m-bucket,mean-threshold,5,0.000001,64,2500,0,0.371339,0.257323,0.228723,0.286836,0.356582,0.385638,2000,2000,3565085.5,509626,1
m-bucket,mean-threshold,5,0.000001,64,2500,1,0.361708,0.276584,0.247569,0.305948,0.347026,0.376216,2000,2000,3564956.5,509626,1
m-bucket,mean-threshold,5,0.000001,64,2500,2,0.361476,0.277047,0.249552,0.304999,0.347501,0.375224,2000,2000,3564985.2,509626,1
m-bucket,likelihood-ratio,5,0.000001,256,2000,0,0.786278,0.572556,0.545579,0.599245,0.772790,0.799623,2000,2000,3565187.2,509626,1
m-bucket,likelihood-ratio,5,0.000001,256,2000,1,0.805569,0.611139,0.585088,0.638277,0.792544,0.819138,2000,2000,3565044.9,509626,1
m-bucket,likelihood-ratio,5,0.000001,256,2000,2,0.788080,0.576160,0.548454,0.604203,0.774227,0.802102,2000,2000,3565006.6,509626,1
m-bucket,mean-threshold,5,0.000001,256,2000,0,0.233290,0.533420,0.505465,0.561863,0.219068,0.247268,2000,2000,3565187.2,509626,1
m-bucket,mean-threshold,5,0.000001,256,2000,1,0.225104,0.549791,0.522535,0.578329,0.210835,0.238733,2000,2000,3565044.9,509626,1
m-bucket,mean-threshold,5,0.000001,256,2000,2,0.231269,0.537462,0.509205,0.565284,0.217358,0.245398,2000,2000,3565006.6,509626,1
