group,name,iterations,median_ns,mean_ns,ci95_lo_ns,ci95_hi_ns,min_ns,p99_ns,bytes,memory_bytes,below_clock_resolution,L,R,backend,baseline,batch_size,chain_depth,delta,disclosure_fraction,entries,epsilon,escrow,escrow_ms,fp_analytic,fp_measured,fp_target,k,layer1_ms,mean_delay_ns,mechanism,mode,modexps,n,n_authorities,n_batch,n_disclosed,n_hashes,path,quantum_ns,reduced_iterations,replay_ms,revocation_ms,sensitivity_ns,shift_ns,special_rsa_modulus,t_max_ns,truncation_delta,unattributed_ms,variant,worst_case_delay_ns
primitive,hash-to-g2,1000,224208.000,223526.967,224125.000,224291.000,200709.000,269000.000,,,false,,,arkworks,,,,,,,,,,,,,,,,,,,,,,,,,,,,,,,,,,,,
primitive,hash-to-g1,1000,91334.000,93428.119,90541.000,92250.000,88291.000,110167.000,,,false,,,arkworks,,,,,,,,,,,,,,,,,,,,,,,,,,,,,,,,,,,,
primitive,bls-sign,1000,467250.000,466197.624,467000.000,467625.000,418417.000,527542.000,,,false,,,arkworks,,,,,,,,,,,,,,,,,,,,,,,,,,,,,,,,,,,,
primitive,bls-verify,1000,875375.000,874566.562,873834.000,877000.000,767458.000,950417.000,,,false,,,arkworks,,,,,,,,,,,,,,,,,,,,,,,,,,,,,,,,,,,,
primitive,bls-batch-verify,1000,1341833.000,1339784.367,1340791.000,1343167.000,1191250.000,1414542.000,,,false,,,arkworks,,,,,,,,,,,,,,,,,,,1,,,,,,,,,,,,,,,,,
primitive,bls-batch-verify,1000,8532125.000,8488371.634,8523167.000,8540000.000,7899333.000,8796459.000,,,false,,,arkworks,,,,,,,,,,,,,,,,,,,10,,,,,,,,,,,,,,,,,
primitive,bls-batch-verify,1000,40624250.000,40528162.112,40574709.000,40679750.000,38564542.000,41938875.000,,,false,,,arkworks,,,,,,,,,,,,,,,,,,,50,,,,,,,,,,,,,,,,,
primitive,bls-batch-verify,1000,80600000.000,80664393.208,80542084.000,80662042.000,77772125.000,84017750.000,,,false,,,arkworks,,,,,,,,,,,,,,,,,,,100,,,,,,,,,,,,,,,,,
primitive,threshold-bls-partial-sign,1000,489458.000,490469.679,489250.000,489833.000,436750.000,542667.000,,,false,,,,,,,,,,,,,,,,2,,,,,,3,,,,,,,,,,,,,,,,,
primitive,threshold-bls-combine,1000,269458.000,270882.951,269375.000,269500.000,241083.000,298250.000,,,false,,,,,,,,,,,,,,,,2,,,,,,3,,,,,,,,,,,,,,,,,
primitive,threshold-bls-partial-sign,1000,472000.000,471793.883,471791.000,472250.000,419625.000,511208.000,,,false,,,,,,,,,,,,,,,,3,,,,,,5,,,,,,,,,,,,,,,,,
primitive,threshold-bls-combine,1000,278125.000,279284.930,278083.000,278167.000,249125.000,305916.000,,,false,,,,,,,,,,,,,,,,3,,,,,,5,,,,,,,,,,,,,,,,,
primitive,threshold-bls-partial-sign,1000,482084.000,481328.250,481792.000,482583.000,430750.000,554250.000,,,false,,,,,,,,,,,,,,,,5,,,,,,9,,,,,,,,,,,,,,,,,
primitive,threshold-bls-combine,1000,331666.000,333884.412,331583.000,331708.000,296167.000,379000.000,,,false,,,,,,,,,,,,,,,,5,,,,,,9,,,,,,,,,,,,,,,,,
issuance,mode-a-issue-batch,30,34392250.000,34402431.900,33852459.000,34945583.000,33319708.000,35574584.000,2000,,false,,,,,,,,,,,,,,,,3,,,,mode-a,,,5,10,,,,,true,,,,,,,,,,
issuance,mode-a-agent-request-batch,30,6529750.000,6553095.900,6499333.000,6634000.000,6354666.000,6774417.000,1440,,false,,,,,,,,,,,,,,,,,,,,mode-a,,,,10,,,,,true,,,,,,,,,,
issuance,mode-a-issue-batch,30,176900291.000,176947091.733,176244417.000,177659958.000,174549833.000,180622541.000,10000,,false,,,,,,,,,,,,,,,,3,,,,mode-a,,,5,50,,,,,true,,,,,,,,,,
issuance,mode-a-agent-request-batch,30,34684833.000,34833863.900,34647541.000,34792458.000,34493416.000,35504042.000,7200,,false,,,,,,,,,,,,,,,,,,,,mode-a,,,,50,,,,,true,,,,,,,,,,
issuance,mode-a-issue-batch,30,350559292.000,350641854.267,350173458.000,350906250.000,349538084.000,353553292.000,20000,,false,,,,,,,,,,,,,,,,3,,,,mode-a,,,5,100,,,,,true,,,,,,,,,,
issuance,mode-a-agent-request-batch,30,69564042.000,69603145.767,69498833.000,69649666.000,69187459.000,70378625.000,14400,,false,,,,,,,,,,,,,,,,,,,,mode-a,,,,100,,,,,true,,,,,,,,,,
issuance,mode-a-issue-batch,5,1720152167.000,1721102499.800,1717430000.000,1725459416.000,1717430000.000,1725459416.000,100000,,false,,,,,,,,,,,,,,,,3,,,,mode-a,,,5,500,,,,,true,,,,,,,,,,
issuance,mode-a-agent-request-batch,10,340487917.000,340789858.300,339877708.000,342217334.000,339443958.000,342985666.000,72000,,false,,,,,,,,,,,,,,,,,,,,mode-a,,,,500,,,,,true,,,,,,,,,,
issuance,mode-a-issue-batch,5,3392326750.000,3391023775.000,3384338500.000,3395754125.000,3384338500.000,3395754125.000,200000,,false,,,,,,,,,,,,,,,,3,,,,mode-a,,,5,1000,,,,,true,,,,,,,,,,
issuance,mode-a-agent-request-batch,10,672398750.000,672201270.800,668436542.000,675638333.000,667611334.000,677416666.000,144000,,false,,,,,,,,,,,,,,,,,,,,mode-a,,,,1000,,,,,true,,,,,,,,,,
issuance,mode-b-issue-credential,1000,298750.000,297041.919,298125.000,299167.000,262666.000,344625.000,240,,false,4,,,,,,,,,,,,,,,,,,,mode-b,,,,,,,,,,,,,,,,,,,
issuance,mode-b-issue-credential,1000,395709.000,393241.625,394875.000,396625.000,353250.000,438542.000,368,,false,8,,,,,,,,,,,,,,,,,,,mode-b,,,,,,,,,,,,,,,,,,,
issuance,mode-b-issue-credential,1000,569000.000,565485.434,568083.000,569834.000,506375.000,619041.000,624,,false,16,,,,,,,,,,,,,,,,,,,mode-b,,,,,,,,,,,,,,,,,,,
issuance,mode-b-issue-credential,1000,1072292.000,1063479.533,1070792.000,1073625.000,960417.000,1138042.000,1136,,false,32,,,,,,,,,,,,,,,,,,,mode-b,,,,,,,,,,,,,,,,,,,
layer1,mode-a-present,1000,508542.000,507694.966,507875.000,509625.000,440125.000,560958.000,296,,false,,,,,,,,,,,e0,,,,,,,,,mode-a,,,,,,,,,,,,,,,,,,,
layer1,mode-a-verify-naive,1000,1881916.000,1878551.351,1879500.000,1883750.000,1668708.000,1985209.000,296,,false,,,,,,,,,,,e0,,,,,,,,,mode-a,,,,,,,naive,,,,,,,,,,,,
layer1,mode-a-verify-aggregate,1000,2104542.000,2092886.011,2101500.000,2107583.000,1894375.000,2192375.000,296,,false,,,,,,,,,,,e0,,,,,,,,,mode-a,,,,,,,aggregate,,,,,,,,,,,,
layer1,mode-a-verify-full-pipeline,1000,2123250.000,2112590.349,2120959.000,2126167.000,1894292.000,2233750.000,296,,false,,,,,,,,,,,e0,,,,,,,,,mode-a,,,,,,,,,,,,,,,,,,,
layer1,mode-a-present,1000,685875.000,682379.206,684208.000,687042.000,599750.000,736041.000,392,,false,,,,,,,,,,,e1,,,,,,,,,mode-a,,,,,,,,,,,,,,,,,,,
layer1,mode-a-verify-naive,1000,1869917.000,1859540.068,1867042.000,1873459.000,1652250.000,1961166.000,392,,false,,,,,,,,,,,e1,,,,,,,,,mode-a,,,,,,,naive,,,,,,,,,,,,
layer1,mode-a-verify-aggregate,1000,2107667.000,2098455.643,2105250.000,2110667.000,1875542.000,2211750.000,392,,false,,,,,,,,,,,e1,,,,,,,,,mode-a,,,,,,,aggregate,,,,,,,,,,,,
layer1,mode-a-verify-full-pipeline,1000,2115042.000,2101028.315,2113000.000,2117958.000,1875875.000,2198333.000,392,,false,,,,,,,,,,,e1,,,,,,,,,mode-a,,,,,,,,,,,,,,,,,,,
layer1,mode-a-present,1000,1184583.000,1177747.942,1182167.000,1187500.000,1057667.000,1258333.000,520,,false,,,,,,,,,,,e2,,,,,,,,,mode-a,,,,,,,,,,,,,,,,,,,
layer1,mode-a-verify-naive,1000,1864125.000,1855896.346,1859750.000,1868083.000,1661959.000,2002625.000,520,,false,,,,,,,,,,,e2,,,,,,,,,mode-a,,,,,,,naive,,,,,,,,,,,,
layer1,mode-a-verify-aggregate,1000,2103792.000,2090610.283,2101541.000,2106458.000,1860166.000,2205250.000,520,,false,,,,,,,,,,,e2,,,,,,,,,mode-a,,,,,,,aggregate,,,,,,,,,,,,
layer1,mode-a-verify-full-pipeline,1000,2806666.000,2788562.894,2803083.000,2809417.000,2495958.000,2935250.000,520,,false,,,,,,,,,,,e2,,,,,,,,,mode-a,,,,,,,,,,,,,,,,,,,
layer1,mode-a-verify-batched,1000,2102584.000,2089853.499,2099709.000,2105959.000,1880916.000,2203250.000,,,false,,,,,,,,,,,,,,,,,,,,mode-a,,1,,,,,,,,,,,,,,,,,
layer1,mode-a-verify-batched,1000,16352250.000,16302938.921,16319750.000,16385750.000,15353833.000,16946125.000,,,false,,,,,,,,,,,,,,,,,,,,mode-a,,10,,,,,,,,,,,,,,,,,
layer1,mode-a-verify-batched,1000,78638042.000,78657881.485,78593250.000,78743416.000,75572292.000,80751708.000,,,false,,,,,,,,,,,,,,,,,,,,mode-a,,50,,,,,,,,,,,,,,,,,
layer1,mode-a-verify-batched,1000,156381375.000,156462354.695,156250750.000,156483333.000,151959958.000,160187459.000,,,false,,,,,,,,,,,,,,,,,,,,mode-a,,100,,,,,,,,,,,,,,,,,
layer1,mode-b-present,1000,2182625.000,2171264.889,2179334.000,2186333.000,1936042.000,2325375.000,444,,false,4,,,,,,,0,,,e0,,,,,,,,,mode-b,,,,,0,,,,,,,,,,,,,,
layer1,mode-b-verify,1000,1224833.000,1223727.510,1223084.000,1227208.000,1081083.000,1331791.000,444,,false,4,,,,,,,0,,,e0,,,,,,,,,mode-b,,,,,0,,,,,,,,,,,,,,
layer1,mode-b-verify-full-pipeline,1000,1235250.000,1233841.909,1233625.000,1237791.000,1090459.000,1324667.000,444,,false,4,,,,,,,0,,,e0,,,,,,,,,mode-b,,,,,,,,,,,,,,,,,,,
layer1,mode-b-present,1000,2705500.000,2695179.212,2702042.000,2709542.000,2436458.000,2832500.000,572,,false,4,,,,,,,0,,,e2,,,,,,,,,mode-b,,,,,0,,,,,,,,,,,,,,
layer1,mode-b-verify,1000,1639209.000,1632311.391,1636334.000,1640666.000,1455000.000,1736708.000,572,,false,4,,,,,,,0,,,e2,,,,,,,,,mode-b,,,,,0,,,,,,,,,,,,,,
layer1,mode-b-verify-full-pipeline,1000,1662042.000,1660002.699,1660583.000,1663291.000,1478167.000,1767833.000,572,,false,4,,,,,,,0,,,e2,,,,,,,,,mode-b,,,,,,,,,,,,,,,,,,,
layer1,mode-b-present,1000,2247750.000,2233604.177,2241958.000,2251083.000,2012709.000,2356292.000,448,,false,4,,,,,,,0.25,,,e0,,,,,,,,,mode-b,,,,,1,,,,,,,,,,,,,,
layer1,mode-b-verify,1000,1296708.000,1294402.691,1295375.000,1298459.000,1145958.000,1367375.000,448,,false,4,,,,,,,0.25,,,e0,,,,,,,,,mode-b,,,,,1,,,,,,,,,,,,,,
layer1,mode-b-verify-full-pipeline,1000,1310459.000,1307971.138,1309541.000,1311666.000,1161458.000,1393792.000,448,,false,4,,,,,,,0.25,,,e0,,,,,,,,,mode-b,,,,,,,,,,,,,,,,,,,
layer1,mode-b-present,1000,2779333.000,2763927.940,2775417.000,2782167.000,2470667.000,2877583.000,576,,false,4,,,,,,,0.25,,,e2,,,,,,,,,mode-b,,,,,1,,,,,,,,,,,,,,
layer1,mode-b-verify,1000,1732333.000,1725892.499,1729875.000,1734708.000,1537708.000,1870625.000,576,,false,4,,,,,,,0.25,,,e2,,,,,,,,,mode-b,,,,,1,,,,,,,,,,,,,,
layer1,mode-b-verify-full-pipeline,1000,1733500.000,1727484.802,1731334.000,1735708.000,1548667.000,1863625.000,576,,false,4,,,,,,,0.25,,,e2,,,,,,,,,mode-b,,,,,,,,,,,,,,,,,,,
layer1,mode-b-present,1000,2259500.000,2251000.171,2256166.000,2262250.000,2027750.000,2369625.000,448,,false,4,,,,,,,0.5,,,e0,,,,,,,,,mode-b,,,,,1,,,,,,,,,,,,,,
layer1,mode-b-verify,1000,1288958.000,1285216.528,1287459.000,1291416.000,1150458.000,1398250.000,448,,false,4,,,,,,,0.5,,,e0,,,,,,,,,mode-b,,,,,1,,,,,,,,,,,,,,
layer1,mode-b-verify-full-pipeline,1000,1285500.000,1279291.999,1283916.000,1287042.000,1151125.000,1371958.000,448,,false,4,,,,,,,0.5,,,e0,,,,,,,,,mode-b,,,,,,,,,,,,,,,,,,,
layer1,mode-b-present,1000,2785417.000,2771905.551,2781750.000,2788208.000,2516292.000,2926750.000,576,,false,4,,,,,,,0.5,,,e2,,,,,,,,,mode-b,,,,,1,,,,,,,,,,,,,,
layer1,mode-b-verify,1000,1737917.000,1733078.462,1735334.000,1740208.000,1548167.000,1847042.000,576,,false,4,,,,,,,0.5,,,e2,,,,,,,,,mode-b,,,,,1,,,,,,,,,,,,,,
layer1,mode-b-verify-full-pipeline,1000,1756250.000,1748641.593,1754083.000,1758292.000,1548250.000,1866458.000,576,,false,4,,,,,,,0.5,,,e2,,,,,,,,,mode-b,,,,,,,,,,,,,,,,,,,
layer1,mode-b-present,1000,2494792.000,2479665.946,2489666.000,2497583.000,2231334.000,2602375.000,572,,false,8,,,,,,,0,,,e0,,,,,,,,,mode-b,,,,,0,,,,,,,,,,,,,,
layer1,mode-b-verify,1000,1317417.000,1314574.897,1315291.000,1319916.000,1167875.000,1404250.000,572,,false,8,,,,,,,0,,,e0,,,,,,,,,mode-b,,,,,0,,,,,,,,,,,,,,
layer1,mode-b-verify-full-pipeline,1000,1336000.000,1331126.873,1334125.000,1338833.000,1172000.000,1429500.000,572,,false,8,,,,,,,0,,,e0,,,,,,,,,mode-b,,,,,,,,,,,,,,,,,,,
layer1,mode-b-present,1000,3012375.000,2999547.287,3009292.000,3015208.000,2709500.000,3128291.000,700,,false,8,,,,,,,0,,,e2,,,,,,,,,mode-b,,,,,0,,,,,,,,,,,,,,
layer1,mode-b-verify,1000,1759750.000,1751877.882,1756625.000,1763334.000,1573166.000,1884417.000,700,,false,8,,,,,,,0,,,e2,,,,,,,,,mode-b,,,,,0,,,,,,,,,,,,,,
layer1,mode-b-verify-full-pipeline,1000,1752333.000,1741465.635,1749625.000,1754000.000,1571000.000,1848875.000,700,,false,8,,,,,,,0,,,e2,,,,,,,,,mode-b,,,,,,,,,,,,,,,,,,,
layer1,mode-b-present,1000,2611750.000,2601320.189,2609000.000,2615000.000,2327250.000,2729958.000,580,,false,8,,,,,,,0.25,,,e0,,,,,,,,,mode-b,,,,,2,,,,,,,,,,,,,,
layer1,mode-b-verify,1000,1408834.000,1403820.194,1406833.000,1411375.000,1249584.000,1502042.000,580,,false,8,,,,,,,0.25,,,e0,,,,,,,,,mode-b,,,,,2,,,,,,,,,,,,,,
layer1,mode-b-verify-full-pipeline,1000,1419333.000,1410958.797,1417833.000,1420958.000,1264000.000,1481167.000,580,,false,8,,,,,,,0.25,,,e0,,,,,,,,,mode-b,,,,,,,,,,,,,,,,,,,
layer1,mode-b-present,1000,3116333.000,3100480.931,3113208.000,3120083.000,2809917.000,3263709.000,708,,false,8,,,,,,,0.25,,,e2,,,,,,,,,mode-b,,,,,2,,,,,,,,,,,,,,
layer1,mode-b-verify,1000,1865875.000,1857831.623,1864500.000,1867375.000,1664625.000,1951000.000,708,,false,8,,,,,,,0.25,,,e2,,,,,,,,,mode-b,,,,,2,,,,,,,,,,,,,,
layer1,mode-b-verify-full-pipeline,1000,1891875.000,1886076.814,1889417.000,1893833.000,1683750.000,2045750.000,708,,false,8,,,,,,,0.25,,,e2,,,,,,,,,mode-b,,,,,,,,,,,,,,,,,,,
layer1,mode-b-present,1000,2627292.000,2613503.324,2625000.000,2629375.000,2353167.000,2738041.000,584,,false,8,,,,,,,0.5,,,e0,,,,,,,,,mode-b,,,,,3,,,,,,,,,,,,,,
layer1,mode-b-verify,1000,1436250.000,1435348.422,1434209.000,1438958.000,1270167.000,1570542.000,584,,false,8,,,,,,,0.5,,,e0,,,,,,,,,mode-b,,,,,3,,,,,,,,,,,,,,
layer1,mode-b-verify-full-pipeline,1000,1447167.000,1444171.348,1444708.000,1449625.000,1294750.000,1541709.000,584,,false,8,,,,,,,0.5,,,e0,,,,,,,,,mode-b,,,,,,,,,,,,,,,,,,,
layer1,mode-b-present,1000,3154583.000,3146197.279,3151625.000,3157417.000,2838041.000,3347583.000,712,,false,8,,,,,,,0.5,,,e2,,,,,,,,,mode-b,,,,,3,,,,,,,,,,,,,,
layer1,mode-b-verify,1000,1917250.000,1919563.495,1914500.000,1919584.000,1717292.000,2111750.000,712,,false,8,,,,,,,0.5,,,e2,,,,,,,,,mode-b,,,,,3,,,,,,,,,,,,,,
layer1,mode-b-verify-full-pipeline,1000,1923791.000,1920738.632,1921666.000,1926417.000,1708042.000,2076459.000,712,,false,8,,,,,,,0.5,,,e2,,,,,,,,,mode-b,,,,,,,,,,,,,,,,,,,
layer1,mode-b-present,1000,3051583.000,3040567.204,3047125.000,3054916.000,2757500.000,3170417.000,828,,false,16,,,,,,,0,,,e0,,,,,,,,,mode-b,,,,,0,,,,,,,,,,,,,,
layer1,mode-b-verify,1000,1508500.000,1502407.575,1507000.000,1510250.000,1328000.000,1611500.000,828,,false,16,,,,,,,0,,,e0,,,,,,,,,mode-b,,,,,0,,,,,,,,,,,,,,
layer1,mode-b-verify-full-pipeline,1000,1505750.000,1502013.469,1504458.000,1507916.000,1336541.000,1584583.000,828,,false,16,,,,,,,0,,,e0,,,,,,,,,mode-b,,,,,,,,,,,,,,,,,,,
layer1,mode-b-present,1000,3578333.000,3561411.239,3574833.000,3582250.000,3233667.000,3715041.000,956,,false,16,,,,,,,0,,,e2,,,,,,,,,mode-b,,,,,0,,,,,,,,,,,,,,
layer1,mode-b-verify,1000,1954125.000,1949309.813,1952916.000,1955542.000,1756625.000,2041958.000,956,,false,16,,,,,,,0,,,e2,,,,,,,,,mode-b,,,,,0,,,,,,,,,,,,,,
layer1,mode-b-verify-full-pipeline,1000,1980167.000,1974780.324,1977875.000,1983125.000,1764334.000,2114250.000,956,,false,16,,,,,,,0,,,e2,,,,,,,,,mode-b,,,,,,,,,,,,,,,,,,,
layer1,mode-b-present,1000,3183666.000,3167831.242,3181208.000,3186125.000,2849875.000,3287333.000,844,,false,16,,,,,,,0.25,,,e0,,,,,,,,,mode-b,,,,,4,,,,,,,,,,,,,,
layer1,mode-b-verify,1000,1655875.000,1654596.004,1653625.000,1659084.000,1466959.000,1773834.000,844,,false,16,,,,,,,0.25,,,e0,,,,,,,,,mode-b,,,,,4,,,,,,,,,,,,,,
layer1,mode-b-verify-full-pipeline,1000,1656875.000,1656152.233,1655209.000,1659250.000,1466250.000,1762292.000,844,,false,16,,,,,,,0.25,,,e0,,,,,,,,,mode-b,,,,,,,,,,,,,,,,,,,
layer1,mode-b-present,1000,3722333.000,3703947.300,3718209.000,3724750.000,3383500.000,3904250.000,972,,false,16,,,,,,,0.25,,,e2,,,,,,,,,mode-b,,,,,4,,,,,,,,,,,,,,
layer1,mode-b-verify,1000,2073291.000,2066892.098,2071417.000,2075667.000,1866667.000,2177542.000,972,,false,16,,,,,,,0.25,,,e2,,,,,,,,,mode-b,,,,,4,,,,,,,,,,,,,,
layer1,mode-b-verify-full-pipeline,1000,2095042.000,2094815.515,2092584.000,2097958.000,1882708.000,2265625.000,972,,false,16,,,,,,,0.25,,,e2,,,,,,,,,mode-b,,,,,,,,,,,,,,,,,,,
layer1,mode-b-present,1000,3188042.000,3175124.192,3185167.000,3191708.000,2879500.000,3351500.000,856,,false,16,,,,,,,0.5,,,e0,,,,,,,,,mode-b,,,,,7,,,,,,,,,,,,,,
layer1,mode-b-verify,1000,1659750.000,1659122.254,1657333.000,1661375.000,1466208.000,1757292.000,856,,false,16,,,,,,,0.5,,,e0,,,,,,,,,mode-b,,,,,7,,,,,,,,,,,,,,
layer1,mode-b-verify-full-pipeline,1000,1677625.000,1673936.236,1674833.000,1679584.000,1473625.000,1767208.000,856,,false,16,,,,,,,0.5,,,e0,,,,,,,,,mode-b,,,,,,,,,,,,,,,,,,,
layer1,mode-b-present,1000,3729500.000,3712687.368,3726125.000,3732375.000,3394208.000,3876583.000,984,,false,16,,,,,,,0.5,,,e2,,,,,,,,,mode-b,,,,,7,,,,,,,,,,,,,,
layer1,mode-b-verify,1000,2104792.000,2098064.285,2102333.000,2106833.000,1864208.000,2216917.000,984,,false,16,,,,,,,0.5,,,e2,,,,,,,,,mode-b,,,,,7,,,,,,,,,,,,,,
layer1,mode-b-verify-full-pipeline,1000,2112291.000,2107576.250,2110291.000,2115125.000,1890458.000,2220833.000,984,,false,16,,,,,,,0.5,,,e2,,,,,,,,,mode-b,,,,,,,,,,,,,,,,,,,
layer1,mode-b-present,1000,4572584.000,4549088.095,4568125.000,4577292.000,4178458.000,4727208.000,1340,,false,32,,,,,,,0,,,e0,,,,,,,,,mode-b,,,,,0,,,,,,,,,,,,,,
layer1,mode-b-verify,1000,2008334.000,2003379.619,2006333.000,2010167.000,1786375.000,2120458.000,1340,,false,32,,,,,,,0,,,e0,,,,,,,,,mode-b,,,,,0,,,,,,,,,,,,,,
layer1,mode-b-verify-full-pipeline,1000,2021000.000,2026661.008,2020000.000,2022375.000,1802958.000,2227500.000,1340,,false,32,,,,,,,0,,,e0,,,,,,,,,mode-b,,,,,,,,,,,,,,,,,,,
layer1,mode-b-present,1000,5091166.000,5086950.660,5088625.000,5093959.000,4707000.000,5311500.000,1468,,false,32,,,,,,,0,,,e2,,,,,,,,,mode-b,,,,,0,,,,,,,,,,,,,,
layer1,mode-b-verify,1000,2443416.000,2445717.013,2442292.000,2444875.000,2210917.000,2565667.000,1468,,false,32,,,,,,,0,,,e2,,,,,,,,,mode-b,,,,,0,,,,,,,,,,,,,,
layer1,mode-b-verify-full-pipeline,1000,2454459.000,2455371.551,2453000.000,2455792.000,2234209.000,2568541.000,1468,,false,32,,,,,,,0,,,e2,,,,,,,,,mode-b,,,,,,,,,,,,,,,,,,,
layer1,mode-b-present,1000,4574292.000,4571531.267,4571625.000,4577167.000,4242875.000,4754875.000,1372,,false,32,,,,,,,0.25,,,e0,,,,,,,,,mode-b,,,,,8,,,,,,,,,,,,,,
layer1,mode-b-verify,1000,2019125.000,2024992.334,2017625.000,2021209.000,1807958.000,2196292.000,1372,,false,32,,,,,,,0.25,,,e0,,,,,,,,,mode-b,,,,,8,,,,,,,,,,,,,,
layer1,mode-b-verify-full-pipeline,1000,2025083.000,2026853.996,2024208.000,2026208.000,1824375.000,2147791.000,1372,,false,32,,,,,,,0.25,,,e0,,,,,,,,,mode-b,,,,,,,,,,,,,,,,,,,
layer1,mode-b-present,1000,5112667.000,5111490.793,5109250.000,5115792.000,4746458.000,5290583.000,1500,,false,32,,,,,,,0.25,,,e2,,,,,,,,,mode-b,,,,,8,,,,,,,,,,,,,,
layer1,mode-b-verify,1000,2464708.000,2469030.040,2462791.000,2465917.000,2251583.000,2629542.000,1500,,false,32,,,,,,,0.25,,,e2,,,,,,,,,mode-b,,,,,8,,,,,,,,,,,,,,
layer1,mode-b-verify-full-pipeline,1000,2476417.000,2480446.629,2475041.000,2478000.000,2231000.000,2601292.000,1500,,false,32,,,,,,,0.25,,,e2,,,,,,,,,mode-b,,,,,,,,,,,,,,,,,,,
layer1,mode-b-present,1000,4569583.000,4572827.637,4566583.000,4573125.000,4215750.000,4757416.000,1400,,false,32,,,,,,,0.5,,,e0,,,,,,,,,mode-b,,,,,15,,,,,,,,,,,,,,
layer1,mode-b-verify,1000,2033708.000,2039060.353,2031875.000,2035709.000,1842417.000,2156500.000,1400,,false,32,,,,,,,0.5,,,e0,,,,,,,,,mode-b,,,,,15,,,,,,,,,,,,,,
layer1,mode-b-verify-full-pipeline,1000,2038250.000,2044713.961,2036541.000,2040291.000,1827209.000,2204042.000,1400,,false,32,,,,,,,0.5,,,e0,,,,,,,,,mode-b,,,,,,,,,,,,,,,,,,,
layer1,mode-b-present,1000,5100292.000,5097610.712,5097000.000,5103958.000,4672625.000,5295792.000,1528,,false,32,,,,,,,0.5,,,e2,,,,,,,,,mode-b,,,,,15,,,,,,,,,,,,,,
layer1,mode-b-verify,1000,2476583.000,2484725.735,2473834.000,2478334.000,2274917.000,2618750.000,1528,,false,32,,,,,,,0.5,,,e2,,,,,,,,,mode-b,,,,,15,,,,,,,,,,,,,,
layer1,mode-b-verify-full-pipeline,1000,2486208.000,2480523.955,2483166.000,2488250.000,2231208.000,2625833.000,1528,,false,32,,,,,,,0.5,,,e2,,,,,,,,,mode-b,,,,,,,,,,,,,,,,,,,
layer3,escrow-attach,1000,0.000,16.124,0.000,0.000,0.000,42.000,0,,true,,,,,,,,,,,e0,,,,,,,,,,,,,,,,,,,,,,,,,,,,
layer3,escrow-check,1000,0.000,13.955,0.000,0.000,0.000,42.000,0,,true,,,,,,,,,,,e0,,,,,,,,,,,,,,,,,,,,,,,,,,,,
layer3,escrow-attach,1000,185875.000,186540.286,185458.000,186250.000,160458.000,224459.000,96,,false,,,,,,,,,,,e1,,,,,,,,,,,,,,,,,,,,,,,,,,,,
layer3,escrow-check,1000,0.000,14.416,0.000,0.000,0.000,42.000,96,,true,,,,,,,,,,,e1,,,,,,,,,,,,,,,,,,,,,,,,,,,,
layer3,escrow-attach,1000,687375.000,686849.311,686083.000,688458.000,609375.000,739208.000,224,,false,,,,,,,,,,,e2,,,,,,,,,,,,,,,,,,,,,,,,,,,,
layer3,escrow-check,1000,605125.000,602734.576,605042.000,605250.000,541000.000,656541.000,224,,false,,,,,,,,,,,e2,,,,,,,,,,,,,,,,,,,,,,,,,,,,
layer3,escrow-partial-decrypt,1000,56542.000,56687.332,56542.000,56583.000,50500.000,69375.000,,,false,,,,,,,,,,,,,,,,2,,,,,,3,,,,,,,,,,,,,,,,,
layer3,escrow-combine-decryptions,1000,103916.000,104008.788,103875.000,103917.000,92709.000,118667.000,,,false,,,,,,,,,,,,,,,,2,,,,,,3,,,,,,,,,,,,,,,,,
layer3,escrow-partial-decrypt,1000,52500.000,52742.495,52500.000,52500.000,46958.000,62209.000,,,false,,,,,,,,,,,,,,,,3,,,,,,5,,,,,,,,,,,,,,,,,
layer3,escrow-combine-decryptions,1000,109917.000,110529.924,109875.000,109917.000,98167.000,130666.000,,,false,,,,,,,,,,,,,,,,3,,,,,,5,,,,,,,,,,,,,,,,,
layer3,escrow-deanonymize-full,1000,1812250.000,1807877.904,1810542.000,1813792.000,1590500.000,1901416.000,,,false,,,,,,,,,,,,,,,,2,,,,,,3,,,,,,,,,,,,,,,,,
layer3,audit-log-append,1000,500.000,514.002,500.000,500.000,458.000,833.000,,153000,false,,,,,,,,,1000,,,,,,,,,,,,,,,,,,,,,,,,,,,,,,
layer3,audit-log-verify-chain,200,1012084.000,1010264.635,1011834.000,1012583.000,908750.000,1057000.000,,321300,false,,,,,,,,,1000,,,,,,,,,,,,,,,,,,,,true,,,,,,,,,,
layer3,audit-log-append,1000,458.000,474.993,458.000,458.000,416.000,959.000,,15300000,false,,,,,,,,,100000,,,,,,,,,,,,,,,,,,,,,,,,,,,,,,
layer3,audit-log-verify-chain,20,48545208.000,48380577.050,48009959.000,48951542.000,47211625.000,49417791.000,,15468300,false,,,,,,,,,100000,,,,,,,,,,,,,,,,,,,,true,,,,,,,,,,
revocation,r0-epoch-check,1000,0.250,0.254,0.250,0.250,0.208,0.334,,16,false,,,,,1000,,,,,,,,,,,,,,,,,,,,,,,,,,,,,,,,,r0,
revocation,r1-crl-hashset-hit,1000,11.250,11.547,11.250,11.660,10.830,14.580,,65142,false,,1000,,,100,,,,,,,,,,,,,,,,,,,,,,,,,,,,,,,,,r1,
revocation,r1-crl-hashset-miss,1000,9.580,9.472,9.580,9.580,8.750,10.000,,65142,false,,1000,,,100,,,,,,,,,,,,,,,,,,,,,,,,,,,,,,,,,r1,
revocation,r1-crl-linear-miss,200,625.000,617.520,625.000,625.000,583.000,625.000,,56000,false,,1000,,,,,,,,,,,,,,,,,,,,,,,,,,,true,,,,,,,,,r1-linear,
revocation,r2-bloom-miss,1000,107.910,108.211,107.500,107.910,106.670,125.000,,1200,false,,1000,,,100,,,,,,,,0.010034531962677978,0.0084,0.01,,,,,,,,,,,7,,,,,,,,,,,,r2,
revocation,r2-bloom-miss,1000,107.920,105.747,107.920,107.920,95.830,110.420,,1800,false,,1000,,,100,,,,,,,,0.0009998263715094177,0.0004,0.001,,,,,,,,,,,10,,,,,,,,,,,,r2,
revocation,r1-crl-hashset-hit,1000,11.250,11.375,11.250,11.250,10.830,11.670,,651428,false,,10000,,,100,,,,,,,,,,,,,,,,,,,,,,,,,,,,,,,,,r1,
revocation,r1-crl-hashset-miss,1000,11.250,12.073,11.250,11.250,10.830,14.590,,651428,false,,10000,,,100,,,,,,,,,,,,,,,,,,,,,,,,,,,,,,,,,r1,
revocation,r1-crl-linear-miss,200,6917.000,6932.085,6917.000,6917.000,6875.000,7083.000,,560000,false,,10000,,,,,,,,,,,,,,,,,,,,,,,,,,,true,,,,,,,,,r1-linear,
revocation,r2-bloom-miss,1000,107.080,106.860,107.080,107.080,95.410,108.750,,11984,false,,10000,,,100,,,,,,,,0.010039010484203732,0.01,0.01,,,,,,,,,,,7,,,,,,,,,,,,r2,
revocation,r2-bloom-miss,1000,112.080,112.491,112.080,112.080,111.250,115.420,,17976,false,,10000,,,100,,,,,,,,0.0010000189402619613,0.0012,0.001,,,,,,,,,,,10,,,,,,,,,,,,r2,
revocation,r1-crl-hashset-hit,1000,11.250,11.545,11.250,11.250,10.830,11.670,,6514285,false,,100000,,,100,,,,,,,,,,,,,,,,,,,,,,,,,,,,,,,,,r1,
revocation,r1-crl-hashset-miss,1000,9.580,9.345,9.170,9.580,8.330,9.590,,6514285,false,,100000,,,100,,,,,,,,,,,,,,,,,,,,,,,,,,,,,,,,,r1,
revocation,r1-crl-linear-miss,50,73375.000,73598.240,73375.000,73416.000,73250.000,79292.000,,5600000,false,,100000,,,,,,,,,,,,,,,,,,,,,,,,,,,true,,,,,,,,,r1-linear,
revocation,r2-bloom-miss,1000,106.670,105.919,106.670,106.670,95.000,107.920,,119816,false,,100000,,,100,,,,,,,,0.010039209581758123,0.0089,0.01,,,,,,,,,,,7,,,,,,,,,,,,r2,
revocation,r2-bloom-miss,1000,100.840,106.063,100.830,100.840,100.000,135.420,,179720,false,,100000,,,100,,,,,,,,0.001000023754997981,0.0006,0.001,,,,,,,,,,,10,,,,,,,,,,,,r2,
revocation,r1-crl-hashset-hit,1000,11.250,11.446,11.250,11.660,9.590,12.080,,65142857,false,,1000000,,,100,,,,,,,,,,,,,,,,,,,,,,,,,,,,,,,,,r1,
revocation,r1-crl-hashset-miss,1000,9.580,9.440,9.580,9.580,8.750,11.250,,65142857,false,,1000000,,,100,,,,,,,,,,,,,,,,,,,,,,,,,,,,,,,,,r1,
revocation,r2-bloom-miss,1000,107.080,107.370,107.080,107.080,105.830,122.500,,1198136,false,,1000000,,,100,,,,,,,,0.010039214559253868,0.0085,0.01,,,,,,,,,,,7,,,,,,,,,,,,r2,
revocation,r2-bloom-miss,1000,107.920,108.490,107.920,107.920,107.080,110.840,,1797200,false,,1000000,,,100,,,,,,,,0.0010000247179482108,0.0016,0.001,,,,,,,,,,,10,,,,,,,,,,,,r2,
replay,nonce-cache-insert,1000,166.000,147.248,125.000,166.000,83.000,208.000,,194285,false,,,,,,,,,10000,,,,,,,,,,,,,,,,,,,,,,,,,,,,,,
replay,nonce-cache-insert,1000,166.000,150.768,166.000,166.000,83.000,250.000,,19428571,false,,,,,,,,,1000000,,,,,,,,,,,,,,,,,,,,,,,,,,,,,,
layer2,m-pad-delay,1000,0.000,15.503,0.000,0.000,0.000,42.000,,,true,,,,,,,,,,,,,,,,,,,m-pad,,,,,,,,,,,,,,,,1222400,,,,
layer2,m-geo-delay,1000,333.000,285.754,291.000,333.000,41.000,792.000,,,false,,,,,,,0.000001,,,0.1,,,,,,,,16061773,m-geo,,,,,,,,,,,,,122400,16061773,,,,,,
layer2,m-bucket-delay,1000,292.000,231.837,291.000,292.000,0.000,750.000,,,false,,,,,,,0.000001,,,0.1,,,,,,,,,m-bucket,,,,,,,,,250000,,,,,,,,1,,,16500000
layer2,m-geo-delay,1000,333.000,285.003,291.000,333.000,41.000,792.000,,,false,,,,,,,0.000001,,,0.5,,,,,,,,3212355,m-geo,,,,,,,,,,,,,122400,3212355,,,,,,
layer2,m-bucket-delay,1000,333.000,272.620,333.000,333.000,0.000,792.000,,,false,,,,,,,0.000001,,,0.5,,,,,,,,,m-bucket,,,,,,,,,250000,,,,,,,,0.0000000034875129233695825,,,16500000
layer2,m-geo-delay,1000,333.000,286.098,291.000,333.000,41.000,750.000,,,false,,,,,,,0.000001,,,1,,,,,,,,1606177,m-geo,,,,,,,,,,,,,122400,1606177,,,,,,
layer2,m-bucket-delay,1000,334.000,316.120,333.000,334.000,0.000,1041.000,,,false,,,,,,,0.000001,,,1,,,,,,,,,m-bucket,,,,,,,,,250000,,,,,,,,0.00000000000000000000005187207255785787,,,16500000
layer2,m-geo-delay,1000,333.000,290.033,291.000,333.000,41.000,792.000,,,false,,,,,,,0.000001,,,2,,,,,,,,803089,m-geo,,,,,,,,,,,,,122400,803089,,,,,,
layer2,m-bucket-delay,1000,375.000,383.583,375.000,375.000,0.000,1208.000,,,false,,,,,,,0.000001,,,2,,,,,,,,,m-bucket,,,,,,,,,250000,,,,,,,,0.000000000000000000000000000000000000000000000000003687363601851317,,,16500000
layer2,m-geo-delay,1000,333.000,293.378,291.000,333.000,41.000,833.000,,,false,,,,,,,0.000001,,,5,,,,,,,,321235,m-geo,,,,,,,,,,,,,122400,321235,,,,,,
layer2,m-bucket-delay,1000,375.000,424.530,375.000,375.000,0.000,1542.000,,,false,,,,,,,0.000001,,,5,,,,,,,,,m-bucket,,,,,,,,,250000,,,,,,,,0.0000000000000000000000000000000000000000000000000000000000000000000000000000000000000000000000000000000000000000000000000000000000000023216362231841645,,,16500000
baseline,mtls-ed25519-verify,1000,53334.000,53521.629,53333.000,53334.000,47792.000,64083.000,256,,false,,,,mtls-ed25519,,2,,,,,,,,,,,,,,,,,,,,,,,,,,,,,,,,,
baseline,mtls-p256-verify,1000,396709.000,394198.790,395292.000,396958.000,369458.000,439041.000,258,,false,,,,mtls-p256,,2,,,,,,,,,,,,,,,,,,,,,,,,,,,,,,,,,
baseline,scms-explicit-verify,1000,264417.000,264130.376,263792.000,264959.000,246250.000,292334.000,169,,false,,,,scms-explicit,,,,,,,,,,,,,,,,,,,,,,,,,,,,,,,,,,,
baseline,scms-implicit-verify,1000,212958.000,213937.940,212084.000,213750.000,201667.000,242583.000,113,,false,,,,scms-implicit-ecqv,,,,,,,,,,,,,,,,,,,,,,,,,,,,,,,,,,,
baseline,cl-rsa-present,1000,10491042.000,10502162.001,10487334.000,10495417.000,10212334.000,10870750.000,1098,,false,5,,,cl-rsa-2048,,,,,,,,,,,,,,,,,,,,,0,,,,,,,,,,,,,,
baseline,cl-rsa-verify,1000,8769209.000,8779864.838,8764875.000,8774625.000,8547541.000,9090000.000,1098,,false,5,,,cl-rsa-2048,,,,,,,,,,,,,,,,,8,,,,0,,,,,,,,,false,,,,,
baseline,cl-rsa-present,1000,9064917.000,9058854.431,9062416.000,9068167.000,8786083.000,9357625.000,1014,,false,5,,,cl-rsa-2048,,,,,,,,,,,,,,,,,,,,,2,,,,,,,,,,,,,,
baseline,cl-rsa-verify,1000,8250333.000,8263353.294,8247750.000,8254125.000,8000458.000,8888041.000,1014,,false,5,,,cl-rsa-2048,,,,,,,,,,,,,,,,,8,,,,2,,,,,,,,,false,,,,,
baseline,cl-rsa-present,1000,14199541.000,14193868.405,14194584.000,14203625.000,13900292.000,14652000.000,1468,,false,10,,,cl-rsa-2048,,,,,,,,,,,,,,,,,,,,,0,,,,,,,,,,,,,,
baseline,cl-rsa-verify,1000,12462750.000,12462059.358,12459500.000,12466083.000,12164042.000,12814708.000,1468,,false,10,,,cl-rsa-2048,,,,,,,,,,,,,,,,,13,,,,0,,,,,,,,,false,,,,,
baseline,cl-rsa-present,1000,10520959.000,10521730.834,10517250.000,10524792.000,10275875.000,10879625.000,1258,,false,10,,,cl-rsa-2048,,,,,,,,,,,,,,,,,,,,,5,,,,,,,,,,,,,,
baseline,cl-rsa-verify,1000,10610083.000,10612853.268,10604875.000,10614500.000,10346792.000,10967166.000,1258,,false,10,,,cl-rsa-2048,,,,,,,,,,,,,,,,,13,,,,5,,,,,,,,,false,,,,,
primitive,shamir-split,1000,125.000,187.925,125.000,166.000,125.000,417.000,,,false,,,,,,,,,,,,,,,,2,,,,,,3,,,,,,,,,,,,,,,,,
primitive,shamir-split,1000,292.000,354.739,292.000,292.000,208.000,584.000,,,false,,,,,,,,,,,,,,,,3,,,,,,5,,,,,,,,,,,,,,,,,
primitive,shamir-split,1000,958.000,935.026,958.000,1000.000,666.000,1334.000,,,false,,,,,,,,,,,,,,,,5,,,,,,9,,,,,,,,,,,,,,,,,
pipeline,verify-pipeline,1000,1901084.000,1901084.000,1901084.000,1901084.000,1897334.000,1901084.000,296,,false,,,,,,,,,,,e0,0.000000,,,,,1.885542,,,mode-a,,,,,,,naive,,,0.011375,0.000000,,,,,,0.003750,,
pipeline,verify-pipeline,1000,2135958.000,2135958.000,2135958.000,2135958.000,2132084.000,2135958.000,296,,false,,,,,,,,,,,e0,0.000000,,,,,2.119666,,,mode-a,,,,,,,aggregate,,,0.012208,0.000000,,,,,,0.003874,,
pipeline,verify-pipeline,1000,1913958.000,1913958.000,1913958.000,1913958.000,1910292.000,1913958.000,392,,false,,,,,,,,,,,e1,0.000000,,,,,1.898750,,,mode-a,,,,,,,naive,,,0.011417,0.000000,,,,,,0.003666,,
pipeline,verify-pipeline,1000,2135125.000,2135125.000,2135125.000,2135125.000,2131374.000,2135125.000,392,,false,,,,,,,,,,,e1,0.000000,,,,,2.119083,,,mode-a,,,,,,,aggregate,,,0.012208,0.000000,,,,,,0.003751,,
pipeline,verify-pipeline,1000,2610417.000,2610417.000,2610417.000,2610417.000,2606876.000,2610417.000,520,,false,,,,,,,,,,,e2,0.665208,,,,,1.926000,,,mode-a,,,,,,,naive,,,0.011458,0.000000,,,,,,0.003541,,
pipeline,verify-pipeline,1000,2823000.000,2823000.000,2823000.000,2823000.000,2819208.000,2823000.000,520,,false,,,,,,,,,,,e2,0.667500,,,,,2.134708,,,mode-a,,,,,,,aggregate,,,0.012541,0.000000,,,,,,0.003792,,
pipeline,verify-pipeline,1000,1347500.000,1347500.000,1347500.000,1347500.000,1336833.000,1347500.000,572,,false,,,,,,,,,,,e0,0.000000,,,,,1.335791,,,mode-b,,,,,,,n/a,,,0.001042,0.000000,,,,,,0.010667,,
pipeline,verify-pipeline,1000,1341750.000,1341750.000,1341750.000,1341750.000,1330917.000,1341750.000,668,,false,,,,,,,,,,,e1,0.000000,,,,,1.329875,,,mode-b,,,,,,,n/a,,,0.001042,0.000000,,,,,,0.010833,,
pipeline,verify-pipeline,1000,1787417.000,1787417.000,1787417.000,1787417.000,1776541.000,1787417.000,700,,false,,,,,,,,,,,e2,0.000000,,,,,1.775458,,,mode-b,,,,,,,n/a,,,0.001042,0.000000,,,,,,0.010876,,
