vehicles,cores,seed,completion_rate,loss_rate,p50_ns,p90_ns,p99_ns,p999_ns,max_ns,max_queue_depth,utilization,deadline_ns,mean_verify_ns
20,1,1,1.000000,0.000000,4939775,11403263,13918207,13918207,13918207,4,0.584269,100000000,2905894.0
20,1,2,1.000000,0.000000,3590143,8945663,9699327,9699327,9699327,3,0.566710,100000000,2905894.0
20,1,3,1.000000,0.000000,6119423,8294399,10002431,10002431,10002431,3,0.600376,100000000,2905894.0
20,1,4,1.000000,0.000000,3428351,4517887,5472255,5472255,5472255,1,0.566982,100000000,2905894.0
20,1,5,1.000000,0.000000,3520511,8175615,13385727,13385727,13385727,4,0.593139,100000000,2905894.0
20,1,6,1.000000,0.000000,3500031,5947391,6459391,6459391,6459391,1,0.571254,100000000,2905894.0
20,1,7,1.000000,0.000000,6139903,8970239,12541951,12541951,12541951,4,0.548311,100000000,2905894.0
20,1,8,0.950000,0.050000,3549183,6090751,8056831,8056831,8056831,2,0.542096,100000000,2905894.0
20,1,9,1.000000,0.000000,3555327,7008255,9379839,9379839,9379839,3,0.601030,100000000,2905894.0
20,1,10,1.000000,0.000000,4706303,6197247,7237631,7237631,7237631,2,0.541216,100000000,2905894.0
20,2,1,1.000000,0.000000,3395583,4321279,5324799,5324799,5324799,2,0.302774,100000000,2905894.0
20,2,2,1.000000,0.000000,3401727,3723263,4255743,4255743,4255743,1,0.291958,100000000,2905894.0
20,2,3,1.000000,0.000000,3471359,3616767,5869567,5869567,5869567,2,0.305344,100000000,2905894.0
20,2,4,1.000000,0.000000,3395583,3473407,3540991,3540991,3540991,0,0.286951,100000000,2905894.0
20,2,5,1.000000,0.000000,3381247,5271551,7544831,7544831,7544831,3,0.296980,100000000,2905894.0
20,2,6,1.000000,0.000000,3467263,3524607,3569663,3569663,3569663,0,0.285712,100000000,2905894.0
20,2,7,1.000000,0.000000,3389439,4415487,4829183,4829183,4829183,1,0.287288,100000000,2905894.0
20,2,8,0.950000,0.050000,3371007,3547135,3549183,3549183,3549183,0,0.272533,100000000,2905894.0
20,2,9,1.000000,0.000000,3442687,3624959,4579327,4579327,4579327,2,0.300221,100000000,2905894.0
20,2,10,1.000000,0.000000,3362815,3561471,4571135,4571135,4571135,1,0.278905,100000000,2905894.0
20,4,1,1.000000,0.000000,3375103,3520511,3641343,3641343,3641343,0,0.151247,100000000,2905894.0
20,4,2,1.000000,0.000000,3399679,3469311,3723263,3723263,3723263,0,0.146073,100000000,2905894.0
20,4,3,1.000000,0.000000,3463167,3534847,3616767,3616767,3616767,0,0.153021,100000000,2905894.0
20,4,4,1.000000,0.000000,3395583,3473407,3540991,3540991,3540991,0,0.143475,100000000,2905894.0
20,4,5,1.000000,0.000000,3381247,3522559,4681727,4681727,4681727,1,0.148635,100000000,2905894.0
20,4,6,1.000000,0.000000,3467263,3524607,3569663,3569663,3569663,0,0.142856,100000000,2905894.0
20,4,7,1.000000,0.000000,3389439,3563519,4481023,4481023,4481023,0,0.143644,100000000,2905894.0
20,4,8,0.950000,0.050000,3371007,3547135,3549183,3549183,3549183,0,0.136267,100000000,2905894.0
20,4,9,1.000000,0.000000,3440639,3555327,3624959,3624959,3624959,0,0.150111,100000000,2905894.0
20,4,10,1.000000,0.000000,3362815,3557375,3590143,3590143,3590143,0,0.140831,100000000,2905894.0
20,8,1,1.000000,0.000000,3375103,3520511,3641343,3641343,3641343,0,0.075623,100000000,2905894.0
20,8,2,1.000000,0.000000,3399679,3469311,3723263,3723263,3723263,0,0.073036,100000000,2905894.0
20,8,3,1.000000,0.000000,3463167,3534847,3616767,3616767,3616767,0,0.076511,100000000,2905894.0
20,8,4,1.000000,0.000000,3395583,3473407,3540991,3540991,3540991,0,0.071738,100000000,2905894.0
20,8,5,1.000000,0.000000,3381247,3520511,3545087,3545087,3545087,0,0.074317,100000000,2905894.0
20,8,6,1.000000,0.000000,3467263,3524607,3569663,3569663,3569663,0,0.071428,100000000,2905894.0
20,8,7,1.000000,0.000000,3389439,3563519,4481023,4481023,4481023,0,0.071822,100000000,2905894.0
20,8,8,0.950000,0.050000,3371007,3547135,3549183,3549183,3549183,0,0.068133,100000000,2905894.0
20,8,9,1.000000,0.000000,3440639,3555327,3624959,3624959,3624959,0,0.075055,100000000,2905894.0
20,8,10,1.000000,0.000000,3362815,3557375,3590143,3590143,3590143,0,0.070415,100000000,2905894.0
50,1,1,1.000000,0.000000,18628607,41123839,48955391,48955391,48955391,16,0.976823,100000000,2905894.0
50,1,2,1.000000,0.000000,35291135,47415295,50921471,50921471,50921471,17,0.980904,100000000,2905894.0
50,1,3,1.000000,0.000000,22216703,46596095,54231039,54231039,54231039,18,0.954810,100000000,2905894.0
50,1,4,1.000000,0.000000,26460159,45187071,48496639,48496639,48496639,16,0.994639,100000000,2905894.0
50,1,5,1.000000,0.000000,19841023,43352063,48824319,48824319,48824319,16,0.989085,100000000,2905894.0
50,1,6,1.000000,0.000000,28606463,51183615,53641215,53641215,53641215,18,0.967020,100000000,2905894.0
50,1,7,1.000000,0.000000,33062911,46956543,49709055,49709055,49709055,16,0.996012,100000000,2905894.0
50,1,8,0.980000,0.020000,30670847,44695551,47316991,47316991,47316991,16,0.981238,100000000,2905894.0
50,1,9,1.000000,0.000000,28868607,51838975,55672831,55672831,55672831,19,0.938018,100000000,2905894.0
50,1,10,1.000000,0.000000,33456127,45842431,50495487,50495487,50495487,17,0.969993,100000000,2905894.0
50,2,1,1.000000,0.000000,3627007,8052735,10133503,10133503,10133503,6,0.685101,100000000,2905894.0
50,2,2,1.000000,0.000000,3895295,6782975,8204287,8204287,8204287,3,0.712670,100000000,2905894.0
50,2,3,1.000000,0.000000,3942399,6057983,9043967,9043967,9043967,4,0.705906,100000000,2905894.0
50,2,4,1.000000,0.000000,3522559,5595135,6324223,6324223,6324223,3,0.715032,100000000,2905894.0
50,2,5,1.000000,0.000000,3710975,7507967,9797631,9797631,9797631,5,0.701445,100000000,2905894.0
50,2,6,1.000000,0.000000,3653631,5345279,5795839,5795839,5795839,2,0.705897,100000000,2905894.0
50,2,7,1.000000,0.000000,4014079,6270975,7020543,7020543,7020543,4,0.700685,100000000,2905894.0
50,2,8,1.000000,0.000000,3518463,5730303,8470527,8470527,8470527,3,0.711350,100000000,2905894.0
50,2,9,1.000000,0.000000,3862527,6729727,9379839,9379839,9379839,5,0.705215,100000000,2905894.0
50,2,10,1.000000,0.000000,4057087,7024639,9060351,9060351,9060351,4,0.698361,100000000,2905894.0
50,4,1,1.000000,0.000000,3420159,3627007,4087807,4087807,4087807,1,0.351566,100000000,2905894.0
50,4,2,1.000000,0.000000,3395583,3620863,3860479,3860479,3860479,1,0.360579,100000000,2905894.0
50,4,3,1.000000,0.000000,3426303,3629055,4399103,4399103,4399103,2,0.352962,100000000,2905894.0
50,4,4,1.000000,0.000000,3430399,3571711,4481023,4481023,4481023,0,0.359220,100000000,2905894.0
50,4,5,1.000000,0.000000,3426303,3579903,5406719,5406719,5406719,3,0.358408,100000000,2905894.0
50,4,6,1.000000,0.000000,3416063,3545087,3647487,3647487,3647487,0,0.352219,100000000,2905894.0
50,4,7,1.000000,0.000000,3403775,3729407,4407295,4407295,4407295,1,0.358155,100000000,2905894.0
50,4,8,1.000000,0.000000,3387391,3616767,4554751,4554751,4554751,1,0.357306,100000000,2905894.0
50,4,9,1.000000,0.000000,3428351,3586047,4632575,4632575,4632575,1,0.354262,100000000,2905894.0
50,4,10,1.000000,0.000000,3379199,3500031,3575807,3575807,3575807,0,0.352752,100000000,2905894.0
50,8,1,1.000000,0.000000,3416063,3540991,3762175,3762175,3762175,0,0.176517,100000000,2905894.0
50,8,2,1.000000,0.000000,3385343,3536895,3860479,3860479,3860479,0,0.180289,100000000,2905894.0
50,8,3,1.000000,0.000000,3405823,3553279,4399103,4399103,4399103,0,0.176645,100000000,2905894.0
50,8,4,1.000000,0.000000,3430399,3571711,4481023,4481023,4481023,0,0.179610,100000000,2905894.0
50,8,5,1.000000,0.000000,3405823,3514367,3592191,3592191,3592191,0,0.179185,100000000,2905894.0
50,8,6,1.000000,0.000000,3416063,3545087,3647487,3647487,3647487,0,0.176109,100000000,2905894.0
50,8,7,1.000000,0.000000,3403775,3655679,4407295,4407295,4407295,0,0.179078,100000000,2905894.0
50,8,8,1.000000,0.000000,3387391,3543039,4554751,4554751,4554751,0,0.178653,100000000,2905894.0
50,8,9,1.000000,0.000000,3428351,3583999,3649535,3649535,3649535,0,0.177131,100000000,2905894.0
50,8,10,1.000000,0.000000,3379199,3500031,3575807,3575807,3575807,0,0.176376,100000000,2905894.0
100,1,1,0.510000,0.000000,95879167,173408255,190840831,193724415,193724415,66,0.992450,100000000,2905894.0
100,1,2,0.470000,0.000000,104267775,172883967,193200127,194904063,194904063,67,0.995354,100000000,2905894.0
100,1,3,0.540000,0.000000,88932351,171311103,188612607,191234047,191234047,65,0.997562,100000000,2905894.0
100,1,4,0.480000,0.000000,103612415,174850047,190840831,193462271,193462271,66,0.997063,100000000,2905894.0
100,1,5,0.530000,0.000000,92143615,170524671,191365119,194248703,194248703,66,0.995263,100000000,2905894.0
100,1,6,0.520000,0.000000,92995583,174587903,190578687,192675839,192675839,66,0.991361,100000000,2905894.0
100,1,7,0.490000,0.000000,100925439,172097535,190185471,192151551,192151551,65,0.998299,100000000,2905894.0
100,1,8,0.460000,0.000000,107151359,173277183,191365119,194248703,194248703,66,0.997160,100000000,2905894.0
100,1,9,0.510000,0.000000,96141311,174325759,192151551,194641919,194641919,66,0.990072,100000000,2905894.0
100,1,10,0.490000,0.000000,100139007,171442175,190054399,192937983,192937983,66,0.993434,100000000,2905894.0
100,2,1,1.000000,0.000000,24281087,44204031,49545215,49905663,49905663,32,0.973109,100000000,2905894.0
100,2,2,1.000000,0.000000,32800767,43319295,50003967,50462719,50462719,34,0.986536,100000000,2905894.0
100,2,3,1.000000,0.000000,22003711,45613055,51281919,51511295,51511295,34,0.963468,100000000,2905894.0
100,2,4,1.000000,0.000000,31358975,45187071,48332799,48857087,48857087,32,0.993134,100000000,2905894.0
100,2,5,1.000000,0.000000,21381119,42106879,48726015,48857087,48857087,32,0.988948,100000000,2905894.0
100,2,6,1.000000,0.000000,23248895,45973503,49414143,51019775,51019775,33,0.965611,100000000,2905894.0
100,2,7,1.000000,0.000000,29835263,43810815,47284223,47710207,47710207,31,0.993906,100000000,2905894.0
100,2,8,1.000000,0.000000,33783807,43319295,48693247,48824319,48824319,32,0.991662,100000000,2905894.0
100,2,9,1.000000,0.000000,29278207,49643519,53542911,54427647,54427647,36,0.948747,100000000,2905894.0
100,2,10,1.000000,0.000000,30490623,43745279,48857087,51511295,51511295,33,0.968131,100000000,2905894.0
100,4,1,1.000000,0.000000,3571711,5107711,5664767,5963775,5963775,4,0.690058,100000000,2905894.0
100,4,2,1.000000,0.000000,3500031,5287935,6017023,6266879,6266879,4,0.717605,100000000,2905894.0
100,4,3,1.000000,0.000000,3491839,5791743,7626751,8200191,8200191,7,0.692648,100000000,2905894.0
100,4,4,1.000000,0.000000,3450879,4276223,4882431,5451775,5451775,2,0.715729,100000000,2905894.0
100,4,5,1.000000,0.000000,3510271,4935679,5550079,5648383,5648383,4,0.702339,100000000,2905894.0
100,4,6,1.000000,0.000000,3463167,4431871,5484543,5685247,5685247,3,0.701995,100000000,2905894.0
100,4,7,1.000000,0.000000,3504127,5758975,6930431,7110655,7110655,7,0.706162,100000000,2905894.0
100,4,8,1.000000,0.000000,3483647,5009407,6742015,6758399,6758399,5,0.719177,100000000,2905894.0
100,4,9,1.000000,0.000000,3639295,5029887,6754303,6955007,6955007,6,0.701127,100000000,2905894.0
100,4,10,1.000000,0.000000,3559423,6742015,8036351,8183807,8183807,7,0.691699,100000000,2905894.0
100,8,1,1.000000,0.000000,3432447,3567615,3653631,3776511,3776511,0,0.353657,100000000,2905894.0
100,8,2,1.000000,0.000000,3405823,3551231,4280319,4464639,4464639,0,0.361275,100000000,2905894.0
100,8,3,1.000000,0.000000,3387391,3545087,3604479,3614719,3614719,0,0.351233,100000000,2905894.0
100,8,4,1.000000,0.000000,3407871,3581951,3674111,4476927,4476927,0,0.357653,100000000,2905894.0
100,8,5,1.000000,0.000000,3401727,3543039,3614719,3633151,3633151,0,0.358209,100000000,2905894.0
100,8,6,1.000000,0.000000,3407871,3538943,3655679,3741695,3741695,0,0.351678,100000000,2905894.0
100,8,7,1.000000,0.000000,3434495,3579903,3780607,4132863,4132863,2,0.352642,100000000,2905894.0
100,8,8,1.000000,0.000000,3405823,3545087,4337663,4382719,4382719,0,0.357634,100000000,2905894.0
100,8,9,1.000000,0.000000,3403775,3551231,3704831,4313087,4313087,1,0.353501,100000000,2905894.0
100,8,10,1.000000,0.000000,3409919,3532799,3641343,3659775,3659775,0,0.354197,100000000,2905894.0
