sweep,outage_minutes,epoch_minutes,lookahead_epochs,n_batch,seed,failure_rate,expiry_failure_rate,exhaustion_failure_rate,attempt_failure_rate,mean_time_to_failure_secs,revocation_latency_secs
epoch,1,1,0,100,1,0.747100,0.747100,0.000000,0.747100,46.674,60
epoch,1,1,0,100,2,0.750500,0.750500,0.000000,0.750500,46.734,60
epoch,1,1,0,100,3,0.747200,0.747200,0.000000,0.747200,46.830,60
epoch,1,1,0,100,4,0.747400,0.747400,0.000000,0.747400,46.605,60
epoch,1,1,0,100,5,0.749400,0.749400,0.000000,0.749400,46.524,60
epoch,1,1,0,100,6,0.745700,0.745700,0.000000,0.745700,46.597,60
epoch,1,1,0,100,7,0.753150,0.753150,0.000000,0.753150,46.728,60
epoch,1,1,0,100,8,0.748700,0.748700,0.000000,0.748700,46.574,60
epoch,1,1,0,100,9,0.751750,0.751750,0.000000,0.751750,46.726,60
epoch,1,1,0,100,10,0.755500,0.755500,0.000000,0.755500,46.743,60
epoch,1,5,0,100,1,0.145900,0.145900,0.000000,0.145900,46.516,300
epoch,1,5,0,100,2,0.152650,0.152650,0.000000,0.152650,47.035,300
epoch,1,5,0,100,3,0.146500,0.146500,0.000000,0.146500,46.508,300
epoch,1,5,0,100,4,0.148100,0.148100,0.000000,0.148100,46.629,300
epoch,1,5,0,100,5,0.152850,0.152850,0.000000,0.152850,46.275,300
epoch,1,5,0,100,6,0.148950,0.148950,0.000000,0.148950,46.697,300
epoch,1,5,0,100,7,0.145400,0.145400,0.000000,0.145400,46.672,300
epoch,1,5,0,100,8,0.150550,0.150550,0.000000,0.150550,46.722,300
epoch,1,5,0,100,9,0.151600,0.151600,0.000000,0.151600,46.722,300
epoch,1,5,0,100,10,0.146200,0.146200,0.000000,0.146200,46.965,300
epoch,1,10,0,100,1,0.074200,0.074200,0.000000,0.074200,46.126,600
epoch,1,10,0,100,2,0.075450,0.075450,0.000000,0.075450,46.758,600
epoch,1,10,0,100,3,0.077050,0.077050,0.000000,0.077050,46.234,600
epoch,1,10,0,100,4,0.072750,0.072750,0.000000,0.072750,46.649,600
epoch,1,10,0,100,5,0.072800,0.072800,0.000000,0.072800,46.463,600
epoch,1,10,0,100,6,0.074300,0.074300,0.000000,0.074300,46.587,600
epoch,1,10,0,100,7,0.076400,0.076400,0.000000,0.076400,46.263,600
epoch,1,10,0,100,8,0.078700,0.078700,0.000000,0.078700,46.450,600
epoch,1,10,0,100,9,0.073550,0.073550,0.000000,0.073550,46.715,600
epoch,1,10,0,100,10,0.077000,0.077000,0.000000,0.077000,46.241,600
epoch,1,30,0,100,1,0.025550,0.025550,0.000000,0.025550,46.284,1800
epoch,1,30,0,100,2,0.027500,0.027500,0.000000,0.027500,46.157,1800
epoch,1,30,0,100,3,0.025500,0.025500,0.000000,0.025500,46.357,1800
epoch,1,30,0,100,4,0.023450,0.023450,0.000000,0.023450,46.627,1800
epoch,1,30,0,100,5,0.023900,0.023900,0.000000,0.023900,46.988,1800
epoch,1,30,0,100,6,0.024750,0.024750,0.000000,0.024750,46.484,1800
epoch,1,30,0,100,7,0.025350,0.025350,0.000000,0.025350,47.049,1800
epoch,1,30,0,100,8,0.025900,0.025900,0.000000,0.025900,46.906,1800
epoch,1,30,0,100,9,0.026450,0.026450,0.000000,0.026450,47.018,1800
epoch,1,30,0,100,10,0.026100,0.026100,0.000000,0.026100,46.621,1800
epoch,1,60,0,100,1,0.012100,0.012100,0.000000,0.012100,45.440,3600
epoch,1,60,0,100,2,0.012850,0.012850,0.000000,0.012850,46.342,3600
epoch,1,60,0,100,3,0.012750,0.012750,0.000000,0.012750,45.913,3600
epoch,1,60,0,100,4,0.011100,0.011100,0.000000,0.011100,47.209,3600
epoch,1,60,0,100,5,0.011700,0.011700,0.000000,0.011700,46.715,3600
epoch,1,60,0,100,6,0.013300,0.013300,0.000000,0.013300,46.507,3600
epoch,1,60,0,100,7,0.012850,0.012850,0.000000,0.012850,46.784,3600
epoch,1,60,0,100,8,0.012900,0.012900,0.000000,0.012900,46.994,3600
epoch,1,60,0,100,9,0.012900,0.012900,0.000000,0.012900,46.700,3600
epoch,1,60,0,100,10,0.012750,0.012750,0.000000,0.012750,47.256,3600
epoch,5,1,0,100,1,1.000000,1.000000,0.000000,0.958939,56.253,60
epoch,5,1,0,100,2,1.000000,1.000000,0.000000,0.960390,56.174,60
epoch,5,1,0,100,3,1.000000,1.000000,0.000000,0.958932,56.427,60
epoch,5,1,0,100,4,1.000000,1.000000,0.000000,0.958956,56.428,60
epoch,5,1,0,100,5,1.000000,1.000000,0.000000,0.959962,56.116,60
epoch,5,1,0,100,6,1.000000,1.000000,0.000000,0.959025,56.411,60
epoch,5,1,0,100,7,1.000000,1.000000,0.000000,0.959319,56.303,60
epoch,5,1,0,100,8,1.000000,1.000000,0.000000,0.958577,56.565,60
epoch,5,1,0,100,9,1.000000,1.000000,0.000000,0.959262,56.343,60
epoch,5,1,0,100,10,1.000000,1.000000,0.000000,0.959777,56.270,60
epoch,5,5,0,100,1,0.922300,0.922300,0.000000,0.535597,162.190,300
epoch,5,5,0,100,2,0.924050,0.924050,0.000000,0.537886,162.006,300
epoch,5,5,0,100,3,0.923750,0.923750,0.000000,0.535486,162.583,300
epoch,5,5,0,100,4,0.924050,0.924050,0.000000,0.537167,162.086,300
epoch,5,5,0,100,5,0.922250,0.922250,0.000000,0.538237,161.379,300
epoch,5,5,0,100,6,0.926200,0.926200,0.000000,0.539109,161.869,300
epoch,5,5,0,100,7,0.919950,0.919950,0.000000,0.535691,161.781,300
epoch,5,5,0,100,8,0.922950,0.922950,0.000000,0.539594,161.198,300
epoch,5,5,0,100,9,0.922400,0.922400,0.000000,0.535428,162.410,300
epoch,5,5,0,100,10,0.920700,0.920700,0.000000,0.537812,161.411,300
epoch,5,10,0,100,1,0.469650,0.469650,0.000000,0.273906,161.659,600
epoch,5,10,0,100,2,0.462850,0.462850,0.000000,0.269825,161.604,600
epoch,5,10,0,100,3,0.461850,0.461850,0.000000,0.270573,160.676,600
epoch,5,10,0,100,4,0.464600,0.464600,0.000000,0.271038,161.760,600
epoch,5,10,0,100,5,0.460600,0.460600,0.000000,0.268134,161.973,600
epoch,5,10,0,100,6,0.458850,0.458850,0.000000,0.266319,162.502,600
epoch,5,10,0,100,7,0.459700,0.459700,0.000000,0.267046,162.355,600
epoch,5,10,0,100,8,0.464300,0.464300,0.000000,0.269567,162.003,600
epoch,5,10,0,100,9,0.461850,0.461850,0.000000,0.267678,162.614,600
epoch,5,10,0,100,10,0.464150,0.464150,0.000000,0.271424,161.300,600
epoch,5,30,0,100,1,0.151650,0.151650,0.000000,0.089133,159.995,1800
epoch,5,30,0,100,2,0.156550,0.156550,0.000000,0.090007,163.611,1800
epoch,5,30,0,100,3,0.151350,0.151350,0.000000,0.087171,163.188,1800
epoch,5,30,0,100,4,0.153900,0.153900,0.000000,0.089822,162.154,1800
epoch,5,30,0,100,5,0.154850,0.154850,0.000000,0.090556,161.405,1800
epoch,5,30,0,100,6,0.153900,0.153900,0.000000,0.088391,164.237,1800
epoch,5,30,0,100,7,0.154200,0.154200,0.000000,0.090112,161.645,1800
epoch,5,30,0,100,8,0.152800,0.152800,0.000000,0.089108,161.746,1800
epoch,5,30,0,100,9,0.154850,0.154850,0.000000,0.090046,162.163,1800
epoch,5,30,0,100,10,0.151250,0.151250,0.000000,0.087870,162.269,1800
epoch,5,60,0,100,1,0.076750,0.076750,0.000000,0.044243,162.537,3600
epoch,5,60,0,100,2,0.077250,0.077250,0.000000,0.044206,164.736,3600
epoch,5,60,0,100,3,0.074450,0.074450,0.000000,0.043989,159.539,3600
epoch,5,60,0,100,4,0.074050,0.074050,0.000000,0.042410,164.666,3600
epoch,5,60,0,100,5,0.077000,0.077000,0.000000,0.044540,162.903,3600
epoch,5,60,0,100,6,0.075100,0.075100,0.000000,0.043589,162.189,3600
epoch,5,60,0,100,7,0.076150,0.076150,0.000000,0.044325,161.956,3600
epoch,5,60,0,100,8,0.081050,0.081050,0.000000,0.048026,159.058,3600
epoch,5,60,0,100,9,0.074150,0.074150,0.000000,0.044147,158.158,3600
epoch,5,60,0,100,10,0.075800,0.075800,0.000000,0.043987,162.472,3600
epoch,10,1,0,100,1,1.000000,1.000000,0.000000,0.980551,56.138,60
epoch,10,1,0,100,2,1.000000,1.000000,0.000000,0.980500,56.215,60
epoch,10,1,0,100,3,1.000000,1.000000,0.000000,0.980837,56.059,60
epoch,10,1,0,100,4,1.000000,1.000000,0.000000,0.980180,56.506,60
epoch,10,1,0,100,5,1.000000,1.000000,0.000000,0.980495,56.288,60
epoch,10,1,0,100,6,1.000000,1.000000,0.000000,0.980880,55.954,60
epoch,10,1,0,100,7,1.000000,1.000000,0.000000,0.980385,56.272,60
epoch,10,1,0,100,8,1.000000,1.000000,0.000000,0.980313,56.471,60
epoch,10,1,0,100,9,1.000000,1.000000,0.000000,0.980793,56.141,60
epoch,10,1,0,100,10,1.000000,1.000000,0.000000,0.980825,56.156,60
epoch,10,5,0,100,1,1.000000,1.000000,0.000000,0.777161,173.515,300
epoch,10,5,0,100,2,1.000000,1.000000,0.000000,0.777742,173.683,300
epoch,10,5,0,100,3,1.000000,1.000000,0.000000,0.776590,174.099,300
epoch,10,5,0,100,4,1.000000,1.000000,0.000000,0.777052,173.876,300
epoch,10,5,0,100,5,1.000000,1.000000,0.000000,0.776085,174.424,300
epoch,10,5,0,100,6,1.000000,1.000000,0.000000,0.775664,174.857,300
epoch,10,5,0,100,7,1.000000,1.000000,0.000000,0.775085,175.059,300
epoch,10,5,0,100,8,1.000000,1.000000,0.000000,0.777075,173.829,300
epoch,10,5,0,100,9,1.000000,1.000000,0.000000,0.776167,174.607,300
epoch,10,5,0,100,10,1.000000,1.000000,0.000000,0.775506,174.988,300
epoch,10,10,0,100,1,0.959850,0.959850,0.000000,0.518239,311.370,600
epoch,10,10,0,100,2,0.962000,0.962000,0.000000,0.520129,311.048,600
epoch,10,10,0,100,3,0.961100,0.961100,0.000000,0.519055,311.244,600
epoch,10,10,0,100,4,0.959500,0.959500,0.000000,0.515192,313.127,600
epoch,10,10,0,100,5,0.961450,0.961450,0.000000,0.516282,312.892,600
epoch,10,10,0,100,6,0.959200,0.959200,0.000000,0.518462,311.129,600
epoch,10,10,0,100,7,0.960400,0.960400,0.000000,0.518938,311.249,600
epoch,10,10,0,100,8,0.959400,0.959400,0.000000,0.520196,310.259,600
epoch,10,10,0,100,9,0.960250,0.960250,0.000000,0.516167,312.923,600
epoch,10,10,0,100,10,0.961350,0.961350,0.000000,0.522270,309.334,600
epoch,10,30,0,100,1,0.320200,0.320200,0.000000,0.172099,312.828,1800
epoch,10,30,0,100,2,0.320150,0.320150,0.000000,0.171051,314.604,1800
epoch,10,30,0,100,3,0.323200,0.323200,0.000000,0.174549,311.160,1800
epoch,10,30,0,100,4,0.329950,0.329950,0.000000,0.178401,310.892,1800
epoch,10,30,0,100,5,0.325850,0.325850,0.000000,0.175458,312.004,1800
epoch,10,30,0,100,6,0.313650,0.313650,0.000000,0.169166,311.853,1800
epoch,10,30,0,100,7,0.321500,0.321500,0.000000,0.170109,317.483,1800
epoch,10,30,0,100,8,0.324000,0.324000,0.000000,0.175290,310.698,1800
epoch,10,30,0,100,9,0.319700,0.319700,0.000000,0.173917,309.447,1800
epoch,10,30,0,100,10,0.321100,0.321100,0.000000,0.175185,307.469,1800
epoch,10,60,0,100,1,0.157650,0.157650,0.000000,0.084007,315.680,3600
epoch,10,60,0,100,2,0.159250,0.159250,0.000000,0.086266,310.808,3600
epoch,10,60,0,100,3,0.161050,0.161050,0.000000,0.086344,313.326,3600
epoch,10,60,0,100,4,0.160150,0.160150,0.000000,0.085882,312.723,3600
epoch,10,60,0,100,5,0.163700,0.163700,0.000000,0.088786,309.996,3600
epoch,10,60,0,100,6,0.158100,0.158100,0.000000,0.084943,312.460,3600
epoch,10,60,0,100,7,0.159800,0.159800,0.000000,0.086324,312.291,3600
epoch,10,60,0,100,8,0.154350,0.154350,0.000000,0.082735,313.913,3600
epoch,10,60,0,100,9,0.163150,0.163150,0.000000,0.088118,310.915,3600
epoch,10,60,0,100,10,0.160500,0.160500,0.000000,0.085445,316.172,3600
epoch,30,1,0,100,1,1.000000,1.000000,0.000000,0.993434,56.561,60
epoch,30,1,0,100,2,1.000000,1.000000,0.000000,0.993700,56.192,60
epoch,30,1,0,100,3,1.000000,1.000000,0.000000,0.993515,56.476,60
epoch,30,1,0,100,4,1.000000,1.000000,0.000000,0.993654,56.181,60
epoch,30,1,0,100,5,1.000000,1.000000,0.000000,0.993532,56.566,60
epoch,30,1,0,100,6,1.000000,1.000000,0.000000,0.993750,56.169,60
epoch,30,1,0,100,7,1.000000,1.000000,0.000000,0.993677,56.271,60
epoch,30,1,0,100,8,1.000000,1.000000,0.000000,0.993729,56.141,60
epoch,30,1,0,100,9,1.000000,1.000000,0.000000,0.993766,56.153,60
epoch,30,1,0,100,10,1.000000,1.000000,0.000000,0.993588,56.401,60
epoch,30,5,0,100,1,1.000000,1.000000,0.000000,0.927271,174.216,300
epoch,30,5,0,100,2,1.000000,1.000000,0.000000,0.927671,173.724,300
epoch,30,5,0,100,3,1.000000,1.000000,0.000000,0.927313,174.284,300
epoch,30,5,0,100,4,1.000000,1.000000,0.000000,0.927400,174.054,300
epoch,30,5,0,100,5,1.000000,1.000000,0.000000,0.927505,173.832,300
epoch,30,5,0,100,6,1.000000,1.000000,0.000000,0.926997,175.004,300
epoch,30,5,0,100,7,1.000000,1.000000,0.000000,0.927549,173.959,300
epoch,30,5,0,100,8,1.000000,1.000000,0.000000,0.927371,174.113,300
epoch,30,5,0,100,9,1.000000,1.000000,0.000000,0.927749,173.703,300
epoch,30,5,0,100,10,1.000000,1.000000,0.000000,0.927728,173.577,300
epoch,30,10,0,100,1,1.000000,1.000000,0.000000,0.843356,323.531,600
epoch,30,10,0,100,2,1.000000,1.000000,0.000000,0.844267,321.801,600
epoch,30,10,0,100,3,1.000000,1.000000,0.000000,0.842876,324.479,600
epoch,30,10,0,100,4,1.000000,1.000000,0.000000,0.843542,323.399,600
epoch,30,10,0,100,5,1.000000,1.000000,0.000000,0.844808,320.739,600
epoch,30,10,0,100,6,1.000000,1.000000,0.000000,0.843557,323.205,600
epoch,30,10,0,100,7,1.000000,1.000000,0.000000,0.842368,325.208,600
epoch,30,10,0,100,8,1.000000,1.000000,0.000000,0.843111,323.894,600
epoch,30,10,0,100,9,1.000000,1.000000,0.000000,0.843869,322.609,600
epoch,30,10,0,100,10,1.000000,1.000000,0.000000,0.842980,324.070,600
epoch,30,30,0,100,1,0.986550,0.986550,0.000000,0.508560,906.701,1800
epoch,30,30,0,100,2,0.986050,0.986050,0.000000,0.507947,907.613,1800
epoch,30,30,0,100,3,0.988200,0.988200,0.000000,0.506515,912.034,1800
epoch,30,30,0,100,4,0.987250,0.987250,0.000000,0.503630,916.083,1800
epoch,30,30,0,100,5,0.986500,0.986500,0.000000,0.504350,914.761,1800
epoch,30,30,0,100,6,0.987300,0.987300,0.000000,0.509424,905.867,1800
epoch,30,30,0,100,7,0.985300,0.985300,0.000000,0.504702,912.376,1800
epoch,30,30,0,100,8,0.986750,0.986750,0.000000,0.507759,908.086,1800
epoch,30,30,0,100,9,0.987000,0.987000,0.000000,0.508543,907.011,1800
epoch,30,30,0,100,10,0.986900,0.986900,0.000000,0.506679,910.512,1800
epoch,30,60,0,100,1,0.496500,0.496500,0.000000,0.257160,902.411,3600
epoch,30,60,0,100,2,0.498300,0.498300,0.000000,0.254765,914.088,3600
epoch,30,60,0,100,3,0.493050,0.493050,0.000000,0.253976,906.673,3600
epoch,30,60,0,100,4,0.496300,0.496300,0.000000,0.253130,916.832,3600
epoch,30,60,0,100,5,0.493900,0.493900,0.000000,0.253456,911.101,3600
epoch,30,60,0,100,6,0.494850,0.494850,0.000000,0.254556,908.283,3600
epoch,30,60,0,100,7,0.491400,0.491400,0.000000,0.253749,904.699,3600
epoch,30,60,0,100,8,0.500550,0.500550,0.000000,0.255005,918.054,3600
epoch,30,60,0,100,9,0.500900,0.500900,0.000000,0.257816,907.990,3600
epoch,30,60,0,100,10,0.496950,0.496950,0.000000,0.254187,914.110,3600
epoch,60,1,0,100,1,1.000000,1.000000,0.000000,0.996793,56.453,60
epoch,60,1,0,100,2,1.000000,1.000000,0.000000,0.996836,56.351,60
epoch,60,1,0,100,3,1.000000,1.000000,0.000000,0.996843,56.296,60
epoch,60,1,0,100,4,1.000000,1.000000,0.000000,0.996862,56.300,60
epoch,60,1,0,100,5,1.000000,1.000000,0.000000,0.996870,56.141,60
epoch,60,1,0,100,6,1.000000,1.000000,0.000000,0.996867,56.199,60
epoch,60,1,0,100,7,1.000000,1.000000,0.000000,0.996862,56.361,60
epoch,60,1,0,100,8,1.000000,1.000000,0.000000,0.996825,56.366,60
epoch,60,1,0,100,9,1.000000,1.000000,0.000000,0.996839,56.315,60
epoch,60,1,0,100,10,1.000000,1.000000,0.000000,0.996833,56.288,60
epoch,60,5,0,100,1,1.000000,1.000000,0.000000,0.964267,172.780,300
epoch,60,5,0,100,2,1.000000,1.000000,0.000000,0.964005,173.750,300
epoch,60,5,0,100,3,1.000000,1.000000,0.000000,0.963962,173.810,300
epoch,60,5,0,100,4,1.000000,1.000000,0.000000,0.964182,173.010,300
epoch,60,5,0,100,5,1.000000,1.000000,0.000000,0.963807,174.652,300
epoch,60,5,0,100,6,1.000000,1.000000,0.000000,0.963987,173.686,300
epoch,60,5,0,100,7,1.000000,1.000000,0.000000,0.963930,173.919,300
epoch,60,5,0,100,8,1.000000,1.000000,0.000000,0.964158,173.250,300
epoch,60,5,0,100,9,1.000000,1.000000,0.000000,0.964219,172.975,300
epoch,60,5,0,100,10,1.000000,1.000000,0.000000,0.964047,173.650,300
epoch,60,10,0,100,1,1.000000,1.000000,0.000000,0.922106,323.800,600
epoch,60,10,0,100,2,1.000000,1.000000,0.000000,0.921885,324.708,600
epoch,60,10,0,100,3,1.000000,1.000000,0.000000,0.922675,321.860,600
epoch,60,10,0,100,4,1.000000,1.000000,0.000000,0.922151,323.461,600
epoch,60,10,0,100,5,1.000000,1.000000,0.000000,0.922007,324.169,600
epoch,60,10,0,100,6,1.000000,1.000000,0.000000,0.922025,324.078,600
epoch,60,10,0,100,7,1.000000,1.000000,0.000000,0.921845,324.874,600
epoch,60,10,0,100,8,1.000000,1.000000,0.000000,0.922736,321.471,600
epoch,60,10,0,100,9,1.000000,1.000000,0.000000,0.921768,324.936,600
epoch,60,10,0,100,10,1.000000,1.000000,0.000000,0.922528,322.047,600
epoch,60,30,0,100,1,1.000000,1.000000,0.000000,0.755761,918.608,1800
epoch,60,30,0,100,2,1.000000,1.000000,0.000000,0.754138,924.844,1800
epoch,60,30,0,100,3,1.000000,1.000000,0.000000,0.753373,927.772,1800
epoch,60,30,0,100,4,1.000000,1.000000,0.000000,0.756754,915.162,1800
epoch,60,30,0,100,5,1.000000,1.000000,0.000000,0.753654,926.695,1800
epoch,60,30,0,100,6,1.000000,1.000000,0.000000,0.755484,919.663,1800
epoch,60,30,0,100,7,1.000000,1.000000,0.000000,0.753774,925.990,1800
epoch,60,30,0,100,8,1.000000,1.000000,0.000000,0.753060,928.704,1800
epoch,60,30,0,100,9,1.000000,1.000000,0.000000,0.756253,916.880,1800
epoch,60,30,0,100,10,1.000000,1.000000,0.000000,0.755713,919.121,1800
epoch,60,60,0,100,1,0.993100,0.993100,0.000000,0.501452,1817.110,3600
epoch,60,60,0,100,2,0.993650,0.993650,0.000000,0.506827,1797.985,3600
epoch,60,60,0,100,3,0.992450,0.992450,0.000000,0.500634,1818.025,3600
epoch,60,60,0,100,4,0.993850,0.993850,0.000000,0.505133,1804.539,3600
epoch,60,60,0,100,5,0.994200,0.994200,0.000000,0.503961,1809.454,3600
epoch,60,60,0,100,6,0.993050,0.993050,0.000000,0.500450,1819.963,3600
epoch,60,60,0,100,7,0.993850,0.993850,0.000000,0.503708,1809.855,3600
epoch,60,60,0,100,8,0.992950,0.992950,0.000000,0.503240,1809.594,3600
epoch,60,60,0,100,9,0.993250,0.993250,0.000000,0.504925,1804.208,3600
epoch,60,60,0,100,10,0.994650,0.994650,0.000000,0.506166,1802.451,3600
lookahead,60,10,0,100,100,1.000000,1.000000,0.000000,0.921721,325.016,600
lookahead,60,10,0,100,101,1.000000,1.000000,0.000000,0.921725,325.161,600
lookahead,60,10,0,100,102,1.000000,1.000000,0.000000,0.922486,322.065,600
lookahead,60,10,0,100,103,1.000000,1.000000,0.000000,0.922262,323.466,600
lookahead,60,10,0,100,104,1.000000,1.000000,0.000000,0.921995,324.154,600
lookahead,60,10,0,100,105,1.000000,1.000000,0.000000,0.922106,323.615,600
lookahead,60,10,0,100,106,1.000000,1.000000,0.000000,0.922150,323.288,600
lookahead,60,10,0,100,107,1.000000,1.000000,0.000000,0.922707,321.387,600
lookahead,60,10,0,100,108,1.000000,1.000000,0.000000,0.921962,324.189,600
lookahead,60,10,0,100,109,1.000000,1.000000,0.000000,0.922022,324.093,600
lookahead,60,10,1,100,100,1.000000,1.000000,0.000000,0.754128,924.839,1200
lookahead,60,10,1,100,101,1.000000,1.000000,0.000000,0.754126,924.790,1200
lookahead,60,10,1,100,102,1.000000,1.000000,0.000000,0.754853,921.837,1200
lookahead,60,10,1,100,103,1.000000,1.000000,0.000000,0.754601,923.284,1200
lookahead,60,10,1,100,104,1.000000,1.000000,0.000000,0.754417,923.899,1200
lookahead,60,10,1,100,105,1.000000,1.000000,0.000000,0.754445,923.300,1200
lookahead,60,10,1,100,106,1.000000,1.000000,0.000000,0.754621,923.045,1200
lookahead,60,10,1,100,107,1.000000,1.000000,0.000000,0.755219,921.130,1200
lookahead,60,10,1,100,108,1.000000,1.000000,0.000000,0.754315,923.794,1200
lookahead,60,10,1,100,109,1.000000,1.000000,0.000000,0.754317,923.678,1200
lookahead,60,10,2,100,100,1.000000,1.000000,0.000000,0.586428,1524.743,1800
lookahead,60,10,2,100,101,1.000000,1.000000,0.000000,0.586354,1524.975,1800
lookahead,60,10,2,100,102,1.000000,1.000000,0.000000,0.587202,1521.737,1800
lookahead,60,10,2,100,103,1.000000,1.000000,0.000000,0.586952,1523.296,1800
lookahead,60,10,2,100,104,1.000000,1.000000,0.000000,0.586711,1523.842,1800
lookahead,60,10,2,100,105,1.000000,1.000000,0.000000,0.586689,1523.402,1800
lookahead,60,10,2,100,106,1.000000,1.000000,0.000000,0.586885,1523.229,1800
lookahead,60,10,2,100,107,1.000000,1.000000,0.000000,0.587398,1521.287,1800
lookahead,60,10,2,100,108,1.000000,1.000000,0.000000,0.586539,1523.859,1800
lookahead,60,10,2,100,109,1.000000,1.000000,0.000000,0.586661,1523.823,1800
lookahead,60,10,6,100,100,0.000000,0.000000,0.000000,0.000000,NaN,4200
lookahead,60,10,6,100,101,0.000000,0.000000,0.000000,0.000000,NaN,4200
lookahead,60,10,6,100,102,0.000000,0.000000,0.000000,0.000000,NaN,4200
lookahead,60,10,6,100,103,0.000000,0.000000,0.000000,0.000000,NaN,4200
lookahead,60,10,6,100,104,0.000000,0.000000,0.000000,0.000000,NaN,4200
lookahead,60,10,6,100,105,0.000000,0.000000,0.000000,0.000000,NaN,4200
lookahead,60,10,6,100,106,0.000000,0.000000,0.000000,0.000000,NaN,4200
lookahead,60,10,6,100,107,0.000000,0.000000,0.000000,0.000000,NaN,4200
lookahead,60,10,6,100,108,0.000000,0.000000,0.000000,0.000000,NaN,4200
lookahead,60,10,6,100,109,0.000000,0.000000,0.000000,0.000000,NaN,4200
lookahead,60,10,12,100,100,0.000000,0.000000,0.000000,0.000000,NaN,7800
lookahead,60,10,12,100,101,0.000000,0.000000,0.000000,0.000000,NaN,7800
lookahead,60,10,12,100,102,0.000000,0.000000,0.000000,0.000000,NaN,7800
lookahead,60,10,12,100,103,0.000000,0.000000,0.000000,0.000000,NaN,7800
lookahead,60,10,12,100,104,0.000000,0.000000,0.000000,0.000000,NaN,7800
lookahead,60,10,12,100,105,0.000000,0.000000,0.000000,0.000000,NaN,7800
lookahead,60,10,12,100,106,0.000000,0.000000,0.000000,0.000000,NaN,7800
lookahead,60,10,12,100,107,0.000000,0.000000,0.000000,0.000000,NaN,7800
lookahead,60,10,12,100,108,0.000000,0.000000,0.000000,0.000000,NaN,7800
lookahead,60,10,12,100,109,0.000000,0.000000,0.000000,0.000000,NaN,7800
lookahead,60,10,144,100,100,0.000000,0.000000,0.000000,0.000000,NaN,87000
lookahead,60,10,144,100,101,0.000000,0.000000,0.000000,0.000000,NaN,87000
lookahead,60,10,144,100,102,0.000000,0.000000,0.000000,0.000000,NaN,87000
lookahead,60,10,144,100,103,0.000000,0.000000,0.000000,0.000000,NaN,87000
lookahead,60,10,144,100,104,0.000000,0.000000,0.000000,0.000000,NaN,87000
lookahead,60,10,144,100,105,0.000000,0.000000,0.000000,0.000000,NaN,87000
lookahead,60,10,144,100,106,0.000000,0.000000,0.000000,0.000000,NaN,87000
lookahead,60,10,144,100,107,0.000000,0.000000,0.000000,0.000000,NaN,87000
lookahead,60,10,144,100,108,0.000000,0.000000,0.000000,0.000000,NaN,87000
lookahead,60,10,144,100,109,0.000000,0.000000,0.000000,0.000000,NaN,87000
